
> frontend@0.1.0 start
> react-scripts start

Starting the development server...

Compiled successfully!

You can now view frontend in the browser.

  Local:            http://localhost:3000
  On Your Network:  http://192.168.116.1:3000

Note that the development build is not optimized.
To create a production build, use npm run build.

webpack compiled [1m[32msuccessfully[39m[22m
Compiling...
Failed to compile.

Module not found: Error: Can't resolve 'D:\helpdesk-system\frontend\src\index.js' in 'D:\helpdesk-system\frontend'
[1m[31mERROR[39m[22m in [1m[32mmain[39m[22m
[1mModule [1m[31mnot found[39m[22m[1m: [1m[31mError[39m[22m[1m: Can't resolve 'D:\helpdesk-system\frontend\src\index.js' in 'D:\helpdesk-system\frontend'[39m[22m

[1m[31mERROR[39m[22m in [1m  [1m[31mError[39m[22m[1m: Child compilation [1m[31mfailed[39m[22m[1m:
  Module [1m[31mnot found[39m[22m[1m: [1m[31mError[39m[22m[1m: Can't resolve 'D:\helpdesk-system\frontend\public\ind  ex.html' in 'D:\helpdesk-system\frontend'
  ModuleNotFoundError: Module [1m[31mnot found[39m[22m[1m: [1m[31mError[39m[22m[1m: Can't resolve 'D:\helpdesk-syste  m\frontend\public\index.html' in 'D:\helpdesk-system\frontend'
      at D:\helpdesk-system\frontend\node_modules\webpack\lib\Compilation.js:207  3:28
      at D:\helpdesk-system\frontend\node_modules\webpack\lib\NormalModuleFactor  y.js:1041:13
      at eval (eval at create (D:\helpdesk-system\frontend\node_modules\tapable\  lib\HookCodeFactory.js:31:10), <anonymous>:10:1)
      at D:\helpdesk-system\frontend\node_modules\webpack\lib\NormalModuleFactor  y.js:437:22
      at eval (eval at create (D:\helpdesk-system\frontend\node_modules\tapable\  lib\HookCodeFactory.js:31:10), <anonymous>:9:1)
      at D:\helpdesk-system\frontend\node_modules\webpack\lib\NormalModuleFactor  y.js:622:22
      at D:\helpdesk-system\frontend\node_modules\webpack\lib\NormalModuleFactor  y.js:181:10
      at D:\helpdesk-system\frontend\node_modules\webpack\lib\NormalModuleFactor  y.js:894:25
      at D:\helpdesk-system\frontend\node_modules\webpack\lib\NormalModuleFactor  y.js:1126:8
      at D:\helpdesk-system\frontend\node_modules\webpack\lib\NormalModuleFactor  y.js:1255:5
      at D:\helpdesk-system\frontend\node_modules\neo-async\async.js:6883:13
      at D:\helpdesk-system\frontend\node_modules\webpack\lib\NormalModuleFactor  y.js:1238:45
      at finishWithoutResolve (D:\helpdesk-system\frontend\node_modules\enhanced  -resolve\lib\Resolver.js:590:11)
      at D:\helpdesk-system\frontend\node_modules\enhanced-resolve\lib\Resolver.  js:679:14
      at D:\helpdesk-system\frontend\node_modules\enhanced-resolve\lib\Resolver.  js:740:5
      at eval (eval at create (D:\helpdesk-system\frontend\node_modules\tapable\  lib\HookCodeFactory.js:31:10), <anonymous>:16:1)
      at D:\helpdesk-system\frontend\node_modules\enhanced-resolve\lib\Resolver.  js:740:5
      at eval (eval at create (D:\helpdesk-system\frontend\node_modules\tapable\  lib\HookCodeFactory.js:31:10), <anonymous>:27:1)
      at D:\helpdesk-system\frontend\node_modules\enhanced-resolve\lib\Descripti  onFilePlugin.js:89:43
      at D:\helpdesk-system\frontend\node_modules\enhanced-resolve\lib\Resolver.  js:740:5
      at eval (eval at create (D:\helpdesk-system\frontend\node_modules\tapable\  lib\HookCodeFactory.js:31:10), <anonymous>:15:1)
      at D:\helpdesk-system\frontend\node_modules\enhanced-resolve\lib\Resolver.  js:740:5
      at eval (eval at create (D:\helpdesk-system\frontend\node_modules\tapable\  lib\HookCodeFactory.js:31:10), <anonymous>:16:1)
      at D:\helpdesk-system\frontend\node_modules\enhanced-resolve\lib\Resolver.  js:740:5
      at eval (eval at create (D:\helpdesk-system\frontend\node_modules\tapable\  lib\HookCodeFactory.js:31:10), <anonymous>:16:1)
      at D:\helpdesk-system\frontend\node_modules\enhanced-resolve\lib\Resolver.  js:740:5
      at eval (eval at create (D:\helpdesk-system\frontend\node_modules\tapable\  lib\HookCodeFactory.js:31:10), <anonymous>:27:1)
      at D:\helpdesk-system\frontend\node_modules\enhanced-resolve\lib\Descripti  onFilePlugin.js:89:43
      at D:\helpdesk-system\frontend\node_modules\enhanced-resolve\lib\Resolver.  js:740:5
      at eval (eval at create (D:\helpdesk-system\frontend\node_modules\tapable\  lib\HookCodeFactory.js:31:10), <anonymous>:16:1)
      at D:\helpdesk-system\frontend\node_modules\enhanced-resolve\lib\Resolver.  js:740:5
      at eval (eval at create (D:\helpdesk-system\frontend\node_modules\tapable\  lib\HookCodeFactory.js:31:10), <anonymous>:15:1)
      at D:\helpdesk-system\frontend\node_modules\enhanced-resolve\lib\Directory  ExistsPlugin.js:43:15
      at process.processTicksAndRejections (node:internal/process/task_queues:81  :21)
  
  - Compilation.js:2073 
    [frontend]/[webpack]/lib/Compilation.js:2073:28
  
  - NormalModuleFactory.js:1041 
    [frontend]/[webpack]/lib/NormalModuleFactory.js:1041:13
  
  
  - NormalModuleFactory.js:437 
    [frontend]/[webpack]/lib/NormalModuleFactory.js:437:22
  
  
  - NormalModuleFactory.js:622 
    [frontend]/[webpack]/lib/NormalModuleFactory.js:622:22
  
  - NormalModuleFactory.js:181 
    [frontend]/[webpack]/lib/NormalModuleFactory.js:181:10
  
  - NormalModuleFactory.js:894 
    [frontend]/[webpack]/lib/NormalModuleFactory.js:894:25
  
  - NormalModuleFactory.js:1126 
    [frontend]/[webpack]/lib/NormalModuleFactory.js:1126:8
  
  - NormalModuleFactory.js:1255 
    [frontend]/[webpack]/lib/NormalModuleFactory.js:1255:5
  
  - async.js:6883 
    [frontend]/[neo-async]/async.js:6883:13
  
  - NormalModuleFactory.js:1238 
    [frontend]/[webpack]/lib/NormalModuleFactory.js:1238:45
  
  - Resolver.js:590 finishWithoutResolve
    [frontend]/[enhanced-resolve]/lib/Resolver.js:590:11
  
  - Resolver.js:679 
    [frontend]/[enhanced-resolve]/lib/Resolver.js:679:14
  
  - Resolver.js:740 
    [frontend]/[enhanced-resolve]/lib/Resolver.js:740:5
  
  
  - Resolver.js:740 
    [frontend]/[enhanced-resolve]/lib/Resolver.js:740:5
  
  
  - DescriptionFilePlugin.js:89 
    [frontend]/[enhanced-resolve]/lib/DescriptionFilePlugin.js:89:43
  
  - Resolver.js:740 
    [frontend]/[enhanced-resolve]/lib/Resolver.js:740:5
  
  
  - Resolver.js:740 
    [frontend]/[enhanced-resolve]/lib/Resolver.js:740:5
  
  
  - Resolver.js:740 
    [frontend]/[enhanced-resolve]/lib/Resolver.js:740:5
  
  
  - Resolver.js:740 
    [frontend]/[enhanced-resolve]/lib/Resolver.js:740:5
  
  
  - DescriptionFilePlugin.js:89 
    [frontend]/[enhanced-resolve]/lib/DescriptionFilePlugin.js:89:43
  
  - Resolver.js:740 
    [frontend]/[enhanced-resolve]/lib/Resolver.js:740:5
  
  
  - Resolver.js:740 
    [frontend]/[enhanced-resolve]/lib/Resolver.js:740:5
  
  
  - DirectoryExistsPlugin.js:43 
    [frontend]/[enhanced-resolve]/lib/DirectoryExistsPlugin.js:43:15
  
  - task_queues:81 process.processTicksAndRejections
    node:internal/process/task_queues:81:21
  
  - child-compiler.js:211 
    [frontend]/[html-webpack-plugin]/lib/child-compiler.js:211:18
  
  - Compiler.js:648 finalCallback
    [frontend]/[webpack]/lib/Compiler.js:648:5
  
  - Compiler.js:684 
    [frontend]/[webpack]/lib/Compiler.js:684:11
  
  - Compiler.js:1379 
    [frontend]/[webpack]/lib/Compiler.js:1379:17
  
  
  - Hook.js:21 Hook.CALL_ASYNC_DELEGATE [as _callAsync]
    [frontend]/[tapable]/lib/Hook.js:21:14
  
  - Compiler.js:1375 
    [frontend]/[webpack]/lib/Compiler.js:1375:33
  
  - Compilation.js:3183 finalCallback
    [frontend]/[webpack]/lib/Compilation.js:3183:11
  
  - Compilation.js:3521 
    [frontend]/[webpack]/lib/Compilation.js:3521:11
  
  
  - Hook.js:21 Hook.CALL_ASYNC_DELEGATE [as _callAsync]
    [frontend]/[tapable]/lib/Hook.js:21:14
  
  - Compilation.js:3514 
    [frontend]/[webpack]/lib/Compilation.js:3514:38
  
  
  - Compilation.js:653 
    [frontend]/[webpack]/lib/Compilation.js:653:11
  
  - SourceMapDevToolPlugin.js:635 
    [frontend]/[webpack]/lib/SourceMapDevToolPlugin.js:635:10
  
  - async.js:2830 
    [frontend]/[neo-async]/async.js:2830:7
  
  - async.js:2857 Object.each
    [frontend]/[neo-async]/async.js:2857:9
  
[39m[22m

[1m[31m1 ERROR in child compilations (Use 'stats.children: true' resp. '--stats-children' for more details)[39m[22m
webpack compiled with [1m[31m3 errors[39m[22m
Compiling...
Failed to compile.

Module not found: Error: Can't resolve 'D:\helpdesk-system\frontend\src\index.js' in 'D:\helpdesk-system\frontend'
[1m[31mERROR[39m[22m in [1m[32mmain[39m[22m
[1mModule [1m[31mnot found[39m[22m[1m: [1m[31mError[39m[22m[1m: Can't resolve 'D:\helpdesk-system\frontend\src\index.js' in 'D:\helpdesk-system\frontend'[39m[22m

[1m[31mERROR[39m[22m in [1m  [1m[31mError[39m[22m[1m: Child compilation [1m[31mfailed[39m[22m[1m:
  Module [1m[31mnot found[39m[22m[1m: [1m[31mError[39m[22m[1m: Can't resolve 'D:\helpdesk-system\frontend\public\ind  ex.html' in 'D:\helpdesk-system\frontend'
  ModuleNotFoundError: Module [1m[31mnot found[39m[22m[1m: [1m[31mError[39m[22m[1m: Can't resolve 'D:\helpdesk-syste  m\frontend\public\index.html' in 'D:\helpdesk-system\frontend'
      at D:\helpdesk-system\frontend\node_modules\webpack\lib\Compilation.js:207  3:28
      at D:\helpdesk-system\frontend\node_modules\webpack\lib\NormalModuleFactor  y.js:1041:13
      at eval (eval at create (D:\helpdesk-system\frontend\node_modules\tapable\  lib\HookCodeFactory.js:31:10), <anonymous>:10:1)
      at D:\helpdesk-system\frontend\node_modules\webpack\lib\NormalModuleFactor  y.js:437:22
      at eval (eval at create (D:\helpdesk-system\frontend\node_modules\tapable\  lib\HookCodeFactory.js:31:10), <anonymous>:9:1)
      at D:\helpdesk-system\frontend\node_modules\webpack\lib\NormalModuleFactor  y.js:622:22
      at D:\helpdesk-system\frontend\node_modules\webpack\lib\NormalModuleFactor  y.js:185:10
      at D:\helpdesk-system\frontend\node_modules\webpack\lib\NormalModuleFactor  y.js:894:25
      at D:\helpdesk-system\frontend\node_modules\webpack\lib\NormalModuleFactor  y.js:1126:8
      at D:\helpdesk-system\frontend\node_modules\webpack\lib\NormalModuleFactor  y.js:1255:5
      at D:\helpdesk-system\frontend\node_modules\neo-async\async.js:6883:13
      at D:\helpdesk-system\frontend\node_modules\webpack\lib\NormalModuleFactor  y.js:1238:45
      at finishWithoutResolve (D:\helpdesk-system\frontend\node_modules\enhanced  -resolve\lib\Resolver.js:590:11)
      at D:\helpdesk-system\frontend\node_modules\enhanced-resolve\lib\Resolver.  js:679:14
      at D:\helpdesk-system\frontend\node_modules\enhanced-resolve\lib\Resolver.  js:740:5
      at eval (eval at create (D:\helpdesk-system\frontend\node_modules\tapable\  lib\HookCodeFactory.js:31:10), <anonymous>:16:1)
      at D:\helpdesk-system\frontend\node_modules\enhanced-resolve\lib\Resolver.  js:740:5
      at eval (eval at create (D:\helpdesk-system\frontend\node_modules\tapable\  lib\HookCodeFactory.js:31:10), <anonymous>:27:1)
      at D:\helpdesk-system\frontend\node_modules\enhanced-resolve\lib\Descripti  onFilePlugin.js:89:43
      at D:\helpdesk-system\frontend\node_modules\enhanced-resolve\lib\Resolver.  js:740:5
      at eval (eval at create (D:\helpdesk-system\frontend\node_modules\tapable\  lib\HookCodeFactory.js:31:10), <anonymous>:15:1)
      at D:\helpdesk-system\frontend\node_modules\enhanced-resolve\lib\Resolver.  js:740:5
      at eval (eval at create (D:\helpdesk-system\frontend\node_modules\tapable\  lib\HookCodeFactory.js:31:10), <anonymous>:16:1)
      at D:\helpdesk-system\frontend\node_modules\enhanced-resolve\lib\Resolver.  js:740:5
      at eval (eval at create (D:\helpdesk-system\frontend\node_modules\tapable\  lib\HookCodeFactory.js:31:10), <anonymous>:16:1)
      at D:\helpdesk-system\frontend\node_modules\enhanced-resolve\lib\Resolver.  js:740:5
      at eval (eval at create (D:\helpdesk-system\frontend\node_modules\tapable\  lib\HookCodeFactory.js:31:10), <anonymous>:27:1)
      at D:\helpdesk-system\frontend\node_modules\enhanced-resolve\lib\Descripti  onFilePlugin.js:89:43
      at D:\helpdesk-system\frontend\node_modules\enhanced-resolve\lib\Resolver.  js:740:5
      at eval (eval at create (D:\helpdesk-system\frontend\node_modules\tapable\  lib\HookCodeFactory.js:31:10), <anonymous>:16:1)
      at D:\helpdesk-system\frontend\node_modules\enhanced-resolve\lib\Resolver.  js:740:5
      at eval (eval at create (D:\helpdesk-system\frontend\node_modules\tapable\  lib\HookCodeFactory.js:31:10), <anonymous>:15:1)
      at D:\helpdesk-system\frontend\node_modules\enhanced-resolve\lib\Directory  ExistsPlugin.js:43:15
      at process.processTicksAndRejections (node:internal/process/task_queues:81  :21)
  
  - Compilation.js:2073 
    [frontend]/[webpack]/lib/Compilation.js:2073:28
  
  - NormalModuleFactory.js:1041 
    [frontend]/[webpack]/lib/NormalModuleFactory.js:1041:13
  
  
  - NormalModuleFactory.js:437 
    [frontend]/[webpack]/lib/NormalModuleFactory.js:437:22
  
  
  - NormalModuleFactory.js:622 
    [frontend]/[webpack]/lib/NormalModuleFactory.js:622:22
  
  - NormalModuleFactory.js:185 
    [frontend]/[webpack]/lib/NormalModuleFactory.js:185:10
  
  - NormalModuleFactory.js:894 
    [frontend]/[webpack]/lib/NormalModuleFactory.js:894:25
  
  - NormalModuleFactory.js:1126 
    [frontend]/[webpack]/lib/NormalModuleFactory.js:1126:8
  
  - NormalModuleFactory.js:1255 
    [frontend]/[webpack]/lib/NormalModuleFactory.js:1255:5
  
  - async.js:6883 
    [frontend]/[neo-async]/async.js:6883:13
  
  - NormalModuleFactory.js:1238 
    [frontend]/[webpack]/lib/NormalModuleFactory.js:1238:45
  
  - Resolver.js:590 finishWithoutResolve
    [frontend]/[enhanced-resolve]/lib/Resolver.js:590:11
  
  - Resolver.js:679 
    [frontend]/[enhanced-resolve]/lib/Resolver.js:679:14
  
  - Resolver.js:740 
    [frontend]/[enhanced-resolve]/lib/Resolver.js:740:5
  
  
  - Resolver.js:740 
    [frontend]/[enhanced-resolve]/lib/Resolver.js:740:5
  
  
  - DescriptionFilePlugin.js:89 
    [frontend]/[enhanced-resolve]/lib/DescriptionFilePlugin.js:89:43
  
  - Resolver.js:740 
    [frontend]/[enhanced-resolve]/lib/Resolver.js:740:5
  
  
  - Resolver.js:740 
    [frontend]/[enhanced-resolve]/lib/Resolver.js:740:5
  
  
  - Resolver.js:740 
    [frontend]/[enhanced-resolve]/lib/Resolver.js:740:5
  
  
  - Resolver.js:740 
    [frontend]/[enhanced-resolve]/lib/Resolver.js:740:5
  
  
  - DescriptionFilePlugin.js:89 
    [frontend]/[enhanced-resolve]/lib/DescriptionFilePlugin.js:89:43
  
  - Resolver.js:740 
    [frontend]/[enhanced-resolve]/lib/Resolver.js:740:5
  
  
  - Resolver.js:740 
    [frontend]/[enhanced-resolve]/lib/Resolver.js:740:5
  
  
  - DirectoryExistsPlugin.js:43 
    [frontend]/[enhanced-resolve]/lib/DirectoryExistsPlugin.js:43:15
  
  - task_queues:81 process.processTicksAndRejections
    node:internal/process/task_queues:81:21
  
  - child-compiler.js:211 
    [frontend]/[html-webpack-plugin]/lib/child-compiler.js:211:18
  
  - Compiler.js:648 finalCallback
    [frontend]/[webpack]/lib/Compiler.js:648:5
  
  - Compiler.js:684 
    [frontend]/[webpack]/lib/Compiler.js:684:11
  
  - Compiler.js:1379 
    [frontend]/[webpack]/lib/Compiler.js:1379:17
  
  
  - Hook.js:21 Hook.CALL_ASYNC_DELEGATE [as _callAsync]
    [frontend]/[tapable]/lib/Hook.js:21:14
  
  - Compiler.js:1375 
    [frontend]/[webpack]/lib/Compiler.js:1375:33
  
  - Compilation.js:3183 finalCallback
    [frontend]/[webpack]/lib/Compilation.js:3183:11
  
  - Compilation.js:3521 
    [frontend]/[webpack]/lib/Compilation.js:3521:11
  
  
  - Hook.js:21 Hook.CALL_ASYNC_DELEGATE [as _callAsync]
    [frontend]/[tapable]/lib/Hook.js:21:14
  
  - Compilation.js:3514 
    [frontend]/[webpack]/lib/Compilation.js:3514:38
  
  
  - Compilation.js:653 
    [frontend]/[webpack]/lib/Compilation.js:653:11
  
  - SourceMapDevToolPlugin.js:635 
    [frontend]/[webpack]/lib/SourceMapDevToolPlugin.js:635:10
  
  - async.js:2830 
    [frontend]/[neo-async]/async.js:2830:7
  
  - async.js:2857 Object.each
    [frontend]/[neo-async]/async.js:2857:9
  
[39m[22m

[1m[31m1 ERROR in child compilations (Use 'stats.children: true' resp. '--stats-children' for more details)[39m[22m
webpack compiled with [1m[31m3 errors[39m[22m
Failed to compile.

Module not found: Error: Can't resolve 'D:\helpdesk-system\frontend\src\index.js' in 'D:\helpdesk-system\frontend'
[1m[31mERROR[39m[22m in [1m[32mmain[39m[22m
[1mModule [1m[31mnot found[39m[22m[1m: [1m[31mError[39m[22m[1m: Can't resolve 'D:\helpdesk-system\frontend\src\index.js' in 'D:\helpdesk-system\frontend'[39m[22m

[1m[31mERROR[39m[22m in [1m  [1m[31mError[39m[22m[1m: Child compilation [1m[31mfailed[39m[22m[1m:
  Module [1m[31mnot found[39m[22m[1m: [1m[31mError[39m[22m[1m: Can't resolve 'D:\helpdesk-system\frontend\public\ind  ex.html' in 'D:\helpdesk-system\frontend'
  ModuleNotFoundError: Module [1m[31mnot found[39m[22m[1m: [1m[31mError[39m[22m[1m: Can't resolve 'D:\helpdesk-syste  m\frontend\public\index.html' in 'D:\helpdesk-system\frontend'
      at D:\helpdesk-system\frontend\node_modules\webpack\lib\Compilation.js:207  3:28
      at D:\helpdesk-system\frontend\node_modules\webpack\lib\NormalModuleFactor  y.js:1041:13
      at eval (eval at create (D:\helpdesk-system\frontend\node_modules\tapable\  lib\HookCodeFactory.js:31:10), <anonymous>:10:1)
      at D:\helpdesk-system\frontend\node_modules\webpack\lib\NormalModuleFactor  y.js:437:22
      at eval (eval at create (D:\helpdesk-system\frontend\node_modules\tapable\  lib\HookCodeFactory.js:31:10), <anonymous>:9:1)
      at D:\helpdesk-system\frontend\node_modules\webpack\lib\NormalModuleFactor  y.js:622:22
      at D:\helpdesk-system\frontend\node_modules\webpack\lib\NormalModuleFactor  y.js:181:10
      at D:\helpdesk-system\frontend\node_modules\webpack\lib\NormalModuleFactor  y.js:894:25
      at D:\helpdesk-system\frontend\node_modules\webpack\lib\NormalModuleFactor  y.js:1126:8
      at D:\helpdesk-system\frontend\node_modules\webpack\lib\NormalModuleFactor  y.js:1255:5
      at D:\helpdesk-system\frontend\node_modules\neo-async\async.js:6883:13
      at D:\helpdesk-system\frontend\node_modules\webpack\lib\NormalModuleFactor  y.js:1238:45
      at finishWithoutResolve (D:\helpdesk-system\frontend\node_modules\enhanced  -resolve\lib\Resolver.js:590:11)
      at D:\helpdesk-system\frontend\node_modules\enhanced-resolve\lib\Resolver.  js:679:14
      at D:\helpdesk-system\frontend\node_modules\enhanced-resolve\lib\Resolver.  js:740:5
      at eval (eval at create (D:\helpdesk-system\frontend\node_modules\tapable\  lib\HookCodeFactory.js:31:10), <anonymous>:16:1)
      at D:\helpdesk-system\frontend\node_modules\enhanced-resolve\lib\Resolver.  js:740:5
      at eval (eval at create (D:\helpdesk-system\frontend\node_modules\tapable\  lib\HookCodeFactory.js:31:10), <anonymous>:27:1)
      at D:\helpdesk-system\frontend\node_modules\enhanced-resolve\lib\Descripti  onFilePlugin.js:89:43
      at D:\helpdesk-system\frontend\node_modules\enhanced-resolve\lib\Resolver.  js:740:5
      at eval (eval at create (D:\helpdesk-system\frontend\node_modules\tapable\  lib\HookCodeFactory.js:31:10), <anonymous>:15:1)
      at D:\helpdesk-system\frontend\node_modules\enhanced-resolve\lib\Resolver.  js:740:5
      at eval (eval at create (D:\helpdesk-system\frontend\node_modules\tapable\  lib\HookCodeFactory.js:31:10), <anonymous>:16:1)
      at D:\helpdesk-system\frontend\node_modules\enhanced-resolve\lib\Resolver.  js:740:5
      at eval (eval at create (D:\helpdesk-system\frontend\node_modules\tapable\  lib\HookCodeFactory.js:31:10), <anonymous>:16:1)
      at D:\helpdesk-system\frontend\node_modules\enhanced-resolve\lib\Resolver.  js:740:5
      at eval (eval at create (D:\helpdesk-system\frontend\node_modules\tapable\  lib\HookCodeFactory.js:31:10), <anonymous>:27:1)
      at D:\helpdesk-system\frontend\node_modules\enhanced-resolve\lib\Descripti  onFilePlugin.js:89:43
      at D:\helpdesk-system\frontend\node_modules\enhanced-resolve\lib\Resolver.  js:740:5
      at eval (eval at create (D:\helpdesk-system\frontend\node_modules\tapable\  lib\HookCodeFactory.js:31:10), <anonymous>:16:1)
      at D:\helpdesk-system\frontend\node_modules\enhanced-resolve\lib\Resolver.  js:740:5
      at eval (eval at create (D:\helpdesk-system\frontend\node_modules\tapable\  lib\HookCodeFactory.js:31:10), <anonymous>:15:1)
      at D:\helpdesk-system\frontend\node_modules\enhanced-resolve\lib\Directory  ExistsPlugin.js:43:15
      at process.processTicksAndRejections (node:internal/process/task_queues:81  :21)
  
  - Compilation.js:2073 
    [frontend]/[webpack]/lib/Compilation.js:2073:28
  
  - NormalModuleFactory.js:1041 
    [frontend]/[webpack]/lib/NormalModuleFactory.js:1041:13
  
  
  - NormalModuleFactory.js:437 
    [frontend]/[webpack]/lib/NormalModuleFactory.js:437:22
  
  
  - NormalModuleFactory.js:622 
    [frontend]/[webpack]/lib/NormalModuleFactory.js:622:22
  
  - NormalModuleFactory.js:181 
    [frontend]/[webpack]/lib/NormalModuleFactory.js:181:10
  
  - NormalModuleFactory.js:894 
    [frontend]/[webpack]/lib/NormalModuleFactory.js:894:25
  
  - NormalModuleFactory.js:1126 
    [frontend]/[webpack]/lib/NormalModuleFactory.js:1126:8
  
  - NormalModuleFactory.js:1255 
    [frontend]/[webpack]/lib/NormalModuleFactory.js:1255:5
  
  - async.js:6883 
    [frontend]/[neo-async]/async.js:6883:13
  
  - NormalModuleFactory.js:1238 
    [frontend]/[webpack]/lib/NormalModuleFactory.js:1238:45
  
  - Resolver.js:590 finishWithoutResolve
    [frontend]/[enhanced-resolve]/lib/Resolver.js:590:11
  
  - Resolver.js:679 
    [frontend]/[enhanced-resolve]/lib/Resolver.js:679:14
  
  - Resolver.js:740 
    [frontend]/[enhanced-resolve]/lib/Resolver.js:740:5
  
  
  - Resolver.js:740 
    [frontend]/[enhanced-resolve]/lib/Resolver.js:740:5
  
  
  - DescriptionFilePlugin.js:89 
    [frontend]/[enhanced-resolve]/lib/DescriptionFilePlugin.js:89:43
  
  - Resolver.js:740 
    [frontend]/[enhanced-resolve]/lib/Resolver.js:740:5
  
  
  - Resolver.js:740 
    [frontend]/[enhanced-resolve]/lib/Resolver.js:740:5
  
  
  - Resolver.js:740 
    [frontend]/[enhanced-resolve]/lib/Resolver.js:740:5
  
  
  - Resolver.js:740 
    [frontend]/[enhanced-resolve]/lib/Resolver.js:740:5
  
  
  - DescriptionFilePlugin.js:89 
    [frontend]/[enhanced-resolve]/lib/DescriptionFilePlugin.js:89:43
  
  - Resolver.js:740 
    [frontend]/[enhanced-resolve]/lib/Resolver.js:740:5
  
  
  - Resolver.js:740 
    [frontend]/[enhanced-resolve]/lib/Resolver.js:740:5
  
  
  - DirectoryExistsPlugin.js:43 
    [frontend]/[enhanced-resolve]/lib/DirectoryExistsPlugin.js:43:15
  
  - task_queues:81 process.processTicksAndRejections
    node:internal/process/task_queues:81:21
  
  - child-compiler.js:211 
    [frontend]/[html-webpack-plugin]/lib/child-compiler.js:211:18
  
  - Compiler.js:648 finalCallback
    [frontend]/[webpack]/lib/Compiler.js:648:5
  
  - Compiler.js:684 
    [frontend]/[webpack]/lib/Compiler.js:684:11
  
  - Compiler.js:1379 
    [frontend]/[webpack]/lib/Compiler.js:1379:17
  
  
  - Hook.js:21 Hook.CALL_ASYNC_DELEGATE [as _callAsync]
    [frontend]/[tapable]/lib/Hook.js:21:14
  
  - Compiler.js:1375 
    [frontend]/[webpack]/lib/Compiler.js:1375:33
  
  - Compilation.js:3183 finalCallback
    [frontend]/[webpack]/lib/Compilation.js:3183:11
  
  - Compilation.js:3521 
    [frontend]/[webpack]/lib/Compilation.js:3521:11
  
  
  - Hook.js:21 Hook.CALL_ASYNC_DELEGATE [as _callAsync]
    [frontend]/[tapable]/lib/Hook.js:21:14
  
  - Compilation.js:3514 
    [frontend]/[webpack]/lib/Compilation.js:3514:38
  
  
  - Compilation.js:653 
    [frontend]/[webpack]/lib/Compilation.js:653:11
  
  - SourceMapDevToolPlugin.js:635 
    [frontend]/[webpack]/lib/SourceMapDevToolPlugin.js:635:10
  
  - async.js:2830 
    [frontend]/[neo-async]/async.js:2830:7
  
  - async.js:2857 Object.each
    [frontend]/[neo-async]/async.js:2857:9
  
[39m[22m

[1m[31m1 ERROR in child compilations (Use 'stats.children: true' resp. '--stats-children' for more details)[39m[22m
webpack compiled with [1m[31m3 errors[39m[22m
Compiling...
Failed to compile.

Module not found: Error: Can't resolve 'D:\helpdesk-system\frontend\src\index.js' in 'D:\helpdesk-system\frontend'
[1m[31mERROR[39m[22m in [1m[32mmain[39m[22m
[1mModule [1m[31mnot found[39m[22m[1m: [1m[31mError[39m[22m[1m: Can't resolve 'D:\helpdesk-system\frontend\src\index.js' in 'D:\helpdesk-system\frontend'[39m[22m

[1m[31mERROR[39m[22m in [1m  [1m[31mError[39m[22m[1m: Child compilation [1m[31mfailed[39m[22m[1m:
  Module [1m[31mnot found[39m[22m[1m: [1m[31mError[39m[22m[1m: Can't resolve 'D:\helpdesk-system\frontend\public\ind  ex.html' in 'D:\helpdesk-system\frontend'
  ModuleNotFoundError: Module [1m[31mnot found[39m[22m[1m: [1m[31mError[39m[22m[1m: Can't resolve 'D:\helpdesk-syste  m\frontend\public\index.html' in 'D:\helpdesk-system\frontend'
      at D:\helpdesk-system\frontend\node_modules\webpack\lib\Compilation.js:207  3:28
      at D:\helpdesk-system\frontend\node_modules\webpack\lib\NormalModuleFactor  y.js:1041:13
      at eval (eval at create (D:\helpdesk-system\frontend\node_modules\tapable\  lib\HookCodeFactory.js:31:10), <anonymous>:10:1)
      at D:\helpdesk-system\frontend\node_modules\webpack\lib\NormalModuleFactor  y.js:437:22
      at eval (eval at create (D:\helpdesk-system\frontend\node_modules\tapable\  lib\HookCodeFactory.js:31:10), <anonymous>:9:1)
      at D:\helpdesk-system\frontend\node_modules\webpack\lib\NormalModuleFactor  y.js:622:22
      at D:\helpdesk-system\frontend\node_modules\webpack\lib\NormalModuleFactor  y.js:185:10
      at D:\helpdesk-system\frontend\node_modules\webpack\lib\NormalModuleFactor  y.js:894:25
      at D:\helpdesk-system\frontend\node_modules\webpack\lib\NormalModuleFactor  y.js:1126:8
      at D:\helpdesk-system\frontend\node_modules\webpack\lib\NormalModuleFactor  y.js:1255:5
      at D:\helpdesk-system\frontend\node_modules\neo-async\async.js:6883:13
      at D:\helpdesk-system\frontend\node_modules\webpack\lib\NormalModuleFactor  y.js:1238:45
      at finishWithoutResolve (D:\helpdesk-system\frontend\node_modules\enhanced  -resolve\lib\Resolver.js:590:11)
      at D:\helpdesk-system\frontend\node_modules\enhanced-resolve\lib\Resolver.  js:679:14
      at D:\helpdesk-system\frontend\node_modules\enhanced-resolve\lib\Resolver.  js:740:5
      at eval (eval at create (D:\helpdesk-system\frontend\node_modules\tapable\  lib\HookCodeFactory.js:31:10), <anonymous>:16:1)
      at D:\helpdesk-system\frontend\node_modules\enhanced-resolve\lib\Resolver.  js:740:5
      at eval (eval at create (D:\helpdesk-system\frontend\node_modules\tapable\  lib\HookCodeFactory.js:31:10), <anonymous>:27:1)
      at D:\helpdesk-system\frontend\node_modules\enhanced-resolve\lib\Descripti  onFilePlugin.js:89:43
      at D:\helpdesk-system\frontend\node_modules\enhanced-resolve\lib\Resolver.  js:740:5
      at eval (eval at create (D:\helpdesk-system\frontend\node_modules\tapable\  lib\HookCodeFactory.js:31:10), <anonymous>:15:1)
      at D:\helpdesk-system\frontend\node_modules\enhanced-resolve\lib\Resolver.  js:740:5
      at eval (eval at create (D:\helpdesk-system\frontend\node_modules\tapable\  lib\HookCodeFactory.js:31:10), <anonymous>:16:1)
      at D:\helpdesk-system\frontend\node_modules\enhanced-resolve\lib\Resolver.  js:740:5
      at eval (eval at create (D:\helpdesk-system\frontend\node_modules\tapable\  lib\HookCodeFactory.js:31:10), <anonymous>:16:1)
      at D:\helpdesk-system\frontend\node_modules\enhanced-resolve\lib\Resolver.  js:740:5
      at eval (eval at create (D:\helpdesk-system\frontend\node_modules\tapable\  lib\HookCodeFactory.js:31:10), <anonymous>:27:1)
      at D:\helpdesk-system\frontend\node_modules\enhanced-resolve\lib\Descripti  onFilePlugin.js:89:43
      at D:\helpdesk-system\frontend\node_modules\enhanced-resolve\lib\Resolver.  js:740:5
      at eval (eval at create (D:\helpdesk-system\frontend\node_modules\tapable\  lib\HookCodeFactory.js:31:10), <anonymous>:16:1)
      at D:\helpdesk-system\frontend\node_modules\enhanced-resolve\lib\Resolver.  js:740:5
      at eval (eval at create (D:\helpdesk-system\frontend\node_modules\tapable\  lib\HookCodeFactory.js:31:10), <anonymous>:15:1)
      at D:\helpdesk-system\frontend\node_modules\enhanced-resolve\lib\Directory  ExistsPlugin.js:43:15
      at process.processTicksAndRejections (node:internal/process/task_queues:81  :21)
  
  - Compilation.js:2073 
    [frontend]/[webpack]/lib/Compilation.js:2073:28
  
  - NormalModuleFactory.js:1041 
    [frontend]/[webpack]/lib/NormalModuleFactory.js:1041:13
  
  
  - NormalModuleFactory.js:437 
    [frontend]/[webpack]/lib/NormalModuleFactory.js:437:22
  
  
  - NormalModuleFactory.js:622 
    [frontend]/[webpack]/lib/NormalModuleFactory.js:622:22
  
  - NormalModuleFactory.js:185 
    [frontend]/[webpack]/lib/NormalModuleFactory.js:185:10
  
  - NormalModuleFactory.js:894 
    [frontend]/[webpack]/lib/NormalModuleFactory.js:894:25
  
  - NormalModuleFactory.js:1126 
    [frontend]/[webpack]/lib/NormalModuleFactory.js:1126:8
  
  - NormalModuleFactory.js:1255 
    [frontend]/[webpack]/lib/NormalModuleFactory.js:1255:5
  
  - async.js:6883 
    [frontend]/[neo-async]/async.js:6883:13
  
  - NormalModuleFactory.js:1238 
    [frontend]/[webpack]/lib/NormalModuleFactory.js:1238:45
  
  - Resolver.js:590 finishWithoutResolve
    [frontend]/[enhanced-resolve]/lib/Resolver.js:590:11
  
  - Resolver.js:679 
    [frontend]/[enhanced-resolve]/lib/Resolver.js:679:14
  
  - Resolver.js:740 
    [frontend]/[enhanced-resolve]/lib/Resolver.js:740:5
  
  
  - Resolver.js:740 
    [frontend]/[enhanced-resolve]/lib/Resolver.js:740:5
  
  
  - DescriptionFilePlugin.js:89 
    [frontend]/[enhanced-resolve]/lib/DescriptionFilePlugin.js:89:43
  
  - Resolver.js:740 
    [frontend]/[enhanced-resolve]/lib/Resolver.js:740:5
  
  
  - Resolver.js:740 
    [frontend]/[enhanced-resolve]/lib/Resolver.js:740:5
  
  
  - Resolver.js:740 
    [frontend]/[enhanced-resolve]/lib/Resolver.js:740:5
  
  
  - Resolver.js:740 
    [frontend]/[enhanced-resolve]/lib/Resolver.js:740:5
  
  
  - DescriptionFilePlugin.js:89 
    [frontend]/[enhanced-resolve]/lib/DescriptionFilePlugin.js:89:43
  
  - Resolver.js:740 
    [frontend]/[enhanced-resolve]/lib/Resolver.js:740:5
  
  
  - Resolver.js:740 
    [frontend]/[enhanced-resolve]/lib/Resolver.js:740:5
  
  
  - DirectoryExistsPlugin.js:43 
    [frontend]/[enhanced-resolve]/lib/DirectoryExistsPlugin.js:43:15
  
  - task_queues:81 process.processTicksAndRejections
    node:internal/process/task_queues:81:21
  
  - child-compiler.js:211 
    [frontend]/[html-webpack-plugin]/lib/child-compiler.js:211:18
  
  - Compiler.js:648 finalCallback
    [frontend]/[webpack]/lib/Compiler.js:648:5
  
  - Compiler.js:684 
    [frontend]/[webpack]/lib/Compiler.js:684:11
  
  - Compiler.js:1379 
    [frontend]/[webpack]/lib/Compiler.js:1379:17
  
  
  - Hook.js:21 Hook.CALL_ASYNC_DELEGATE [as _callAsync]
    [frontend]/[tapable]/lib/Hook.js:21:14
  
  - Compiler.js:1375 
    [frontend]/[webpack]/lib/Compiler.js:1375:33
  
  - Compilation.js:3183 finalCallback
    [frontend]/[webpack]/lib/Compilation.js:3183:11
  
  - Compilation.js:3521 
    [frontend]/[webpack]/lib/Compilation.js:3521:11
  
  
  - Hook.js:21 Hook.CALL_ASYNC_DELEGATE [as _callAsync]
    [frontend]/[tapable]/lib/Hook.js:21:14
  
  - Compilation.js:3514 
    [frontend]/[webpack]/lib/Compilation.js:3514:38
  
  
  - Compilation.js:653 
    [frontend]/[webpack]/lib/Compilation.js:653:11
  
  - SourceMapDevToolPlugin.js:635 
    [frontend]/[webpack]/lib/SourceMapDevToolPlugin.js:635:10
  
  - async.js:2830 
    [frontend]/[neo-async]/async.js:2830:7
  
  - async.js:2857 Object.each
    [frontend]/[neo-async]/async.js:2857:9
  
[39m[22m

[1m[31m1 ERROR in child compilations (Use 'stats.children: true' resp. '--stats-children' for more details)[39m[22m
webpack compiled with [1m[31m3 errors[39m[22m
Compiling...
Failed to compile.

Module not found: Error: Can't resolve 'D:\helpdesk-system\frontend\src\index.js' in 'D:\helpdesk-system\frontend'
[1m[31mERROR[39m[22m in [1m[32mmain[39m[22m
[1mModule [1m[31mnot found[39m[22m[1m: [1m[31mError[39m[22m[1m: Can't resolve 'D:\helpdesk-system\frontend\src\index.js' in 'D:\helpdesk-system\frontend'[39m[22m

[1m[31mERROR[39m[22m in [1m  [1m[31mError[39m[22m[1m: Child compilation [1m[31mfailed[39m[22m[1m:
  Module [1m[31mnot found[39m[22m[1m: [1m[31mError[39m[22m[1m: Can't resolve 'D:\helpdesk-system\frontend\public\ind  ex.html' in 'D:\helpdesk-system\frontend'
  ModuleNotFoundError: Module [1m[31mnot found[39m[22m[1m: [1m[31mError[39m[22m[1m: Can't resolve 'D:\helpdesk-syste  m\frontend\public\index.html' in 'D:\helpdesk-system\frontend'
      at D:\helpdesk-system\frontend\node_modules\webpack\lib\Compilation.js:207  3:28
      at D:\helpdesk-system\frontend\node_modules\webpack\lib\NormalModuleFactor  y.js:1041:13
      at eval (eval at create (D:\helpdesk-system\frontend\node_modules\tapable\  lib\HookCodeFactory.js:31:10), <anonymous>:10:1)
      at D:\helpdesk-system\frontend\node_modules\webpack\lib\NormalModuleFactor  y.js:437:22
      at eval (eval at create (D:\helpdesk-system\frontend\node_modules\tapable\  lib\HookCodeFactory.js:31:10), <anonymous>:9:1)
      at D:\helpdesk-system\frontend\node_modules\webpack\lib\NormalModuleFactor  y.js:622:22
      at D:\helpdesk-system\frontend\node_modules\webpack\lib\NormalModuleFactor  y.js:185:10
      at D:\helpdesk-system\frontend\node_modules\webpack\lib\NormalModuleFactor  y.js:894:25
      at D:\helpdesk-system\frontend\node_modules\webpack\lib\NormalModuleFactor  y.js:1126:8
      at D:\helpdesk-system\frontend\node_modules\webpack\lib\NormalModuleFactor  y.js:1255:5
      at D:\helpdesk-system\frontend\node_modules\neo-async\async.js:6883:13
      at D:\helpdesk-system\frontend\node_modules\webpack\lib\NormalModuleFactor  y.js:1238:45
      at finishWithoutResolve (D:\helpdesk-system\frontend\node_modules\enhanced  -resolve\lib\Resolver.js:590:11)
      at D:\helpdesk-system\frontend\node_modules\enhanced-resolve\lib\Resolver.  js:679:14
      at D:\helpdesk-system\frontend\node_modules\enhanced-resolve\lib\Resolver.  js:740:5
      at eval (eval at create (D:\helpdesk-system\frontend\node_modules\tapable\  lib\HookCodeFactory.js:31:10), <anonymous>:16:1)
      at D:\helpdesk-system\frontend\node_modules\enhanced-resolve\lib\Resolver.  js:740:5
      at eval (eval at create (D:\helpdesk-system\frontend\node_modules\tapable\  lib\HookCodeFactory.js:31:10), <anonymous>:27:1)
      at D:\helpdesk-system\frontend\node_modules\enhanced-resolve\lib\Descripti  onFilePlugin.js:89:43
      at D:\helpdesk-system\frontend\node_modules\enhanced-resolve\lib\Resolver.  js:740:5
      at eval (eval at create (D:\helpdesk-system\frontend\node_modules\tapable\  lib\HookCodeFactory.js:31:10), <anonymous>:15:1)
      at D:\helpdesk-system\frontend\node_modules\enhanced-resolve\lib\Resolver.  js:740:5
      at eval (eval at create (D:\helpdesk-system\frontend\node_modules\tapable\  lib\HookCodeFactory.js:31:10), <anonymous>:16:1)
      at D:\helpdesk-system\frontend\node_modules\enhanced-resolve\lib\Resolver.  js:740:5
      at eval (eval at create (D:\helpdesk-system\frontend\node_modules\tapable\  lib\HookCodeFactory.js:31:10), <anonymous>:16:1)
      at D:\helpdesk-system\frontend\node_modules\enhanced-resolve\lib\Resolver.  js:740:5
      at eval (eval at create (D:\helpdesk-system\frontend\node_modules\tapable\  lib\HookCodeFactory.js:31:10), <anonymous>:27:1)
      at D:\helpdesk-system\frontend\node_modules\enhanced-resolve\lib\Descripti  onFilePlugin.js:89:43
      at D:\helpdesk-system\frontend\node_modules\enhanced-resolve\lib\Resolver.  js:740:5
      at eval (eval at create (D:\helpdesk-system\frontend\node_modules\tapable\  lib\HookCodeFactory.js:31:10), <anonymous>:16:1)
      at D:\helpdesk-system\frontend\node_modules\enhanced-resolve\lib\Resolver.  js:740:5
      at eval (eval at create (D:\helpdesk-system\frontend\node_modules\tapable\  lib\HookCodeFactory.js:31:10), <anonymous>:15:1)
      at D:\helpdesk-system\frontend\node_modules\enhanced-resolve\lib\Directory  ExistsPlugin.js:43:15
      at process.processTicksAndRejections (node:internal/process/task_queues:81  :21)
  
  - Compilation.js:2073 
    [frontend]/[webpack]/lib/Compilation.js:2073:28
  
  - NormalModuleFactory.js:1041 
    [frontend]/[webpack]/lib/NormalModuleFactory.js:1041:13
  
  
  - NormalModuleFactory.js:437 
    [frontend]/[webpack]/lib/NormalModuleFactory.js:437:22
  
  
  - NormalModuleFactory.js:622 
    [frontend]/[webpack]/lib/NormalModuleFactory.js:622:22
  
  - NormalModuleFactory.js:185 
    [frontend]/[webpack]/lib/NormalModuleFactory.js:185:10
  
  - NormalModuleFactory.js:894 
    [frontend]/[webpack]/lib/NormalModuleFactory.js:894:25
  
  - NormalModuleFactory.js:1126 
    [frontend]/[webpack]/lib/NormalModuleFactory.js:1126:8
  
  - NormalModuleFactory.js:1255 
    [frontend]/[webpack]/lib/NormalModuleFactory.js:1255:5
  
  - async.js:6883 
    [frontend]/[neo-async]/async.js:6883:13
  
  - NormalModuleFactory.js:1238 
    [frontend]/[webpack]/lib/NormalModuleFactory.js:1238:45
  
  - Resolver.js:590 finishWithoutResolve
    [frontend]/[enhanced-resolve]/lib/Resolver.js:590:11
  
  - Resolver.js:679 
    [frontend]/[enhanced-resolve]/lib/Resolver.js:679:14
  
  - Resolver.js:740 
    [frontend]/[enhanced-resolve]/lib/Resolver.js:740:5
  
  
  - Resolver.js:740 
    [frontend]/[enhanced-resolve]/lib/Resolver.js:740:5
  
  
  - DescriptionFilePlugin.js:89 
    [frontend]/[enhanced-resolve]/lib/DescriptionFilePlugin.js:89:43
  
  - Resolver.js:740 
    [frontend]/[enhanced-resolve]/lib/Resolver.js:740:5
  
  
  - Resolver.js:740 
    [frontend]/[enhanced-resolve]/lib/Resolver.js:740:5
  
  
  - Resolver.js:740 
    [frontend]/[enhanced-resolve]/lib/Resolver.js:740:5
  
  
  - Resolver.js:740 
    [frontend]/[enhanced-resolve]/lib/Resolver.js:740:5
  
  
  - DescriptionFilePlugin.js:89 
    [frontend]/[enhanced-resolve]/lib/DescriptionFilePlugin.js:89:43
  
  - Resolver.js:740 
    [frontend]/[enhanced-resolve]/lib/Resolver.js:740:5
  
  
  - Resolver.js:740 
    [frontend]/[enhanced-resolve]/lib/Resolver.js:740:5
  
  
  - DirectoryExistsPlugin.js:43 
    [frontend]/[enhanced-resolve]/lib/DirectoryExistsPlugin.js:43:15
  
  - task_queues:81 process.processTicksAndRejections
    node:internal/process/task_queues:81:21
  
  - child-compiler.js:211 
    [frontend]/[html-webpack-plugin]/lib/child-compiler.js:211:18
  
  - Compiler.js:648 finalCallback
    [frontend]/[webpack]/lib/Compiler.js:648:5
  
  - Compiler.js:684 
    [frontend]/[webpack]/lib/Compiler.js:684:11
  
  - Compiler.js:1379 
    [frontend]/[webpack]/lib/Compiler.js:1379:17
  
  
  - Hook.js:21 Hook.CALL_ASYNC_DELEGATE [as _callAsync]
    [frontend]/[tapable]/lib/Hook.js:21:14
  
  - Compiler.js:1375 
    [frontend]/[webpack]/lib/Compiler.js:1375:33
  
  - Compilation.js:3183 finalCallback
    [frontend]/[webpack]/lib/Compilation.js:3183:11
  
  - Compilation.js:3521 
    [frontend]/[webpack]/lib/Compilation.js:3521:11
  
  
  - Hook.js:21 Hook.CALL_ASYNC_DELEGATE [as _callAsync]
    [frontend]/[tapable]/lib/Hook.js:21:14
  
  - Compilation.js:3514 
    [frontend]/[webpack]/lib/Compilation.js:3514:38
  
  
  - Compilation.js:653 
    [frontend]/[webpack]/lib/Compilation.js:653:11
  
  - SourceMapDevToolPlugin.js:635 
    [frontend]/[webpack]/lib/SourceMapDevToolPlugin.js:635:10
  
  - async.js:2830 
    [frontend]/[neo-async]/async.js:2830:7
  
  - async.js:2857 Object.each
    [frontend]/[neo-async]/async.js:2857:9
  
[39m[22m

[1m[31m1 ERROR in child compilations (Use 'stats.children: true' resp. '--stats-children' for more details)[39m[22m
webpack compiled with [1m[31m3 errors[39m[22m
Compiling...
Compiled successfully!
webpack compiled [1m[32msuccessfully[39m[22m
Compiling...
Compiled successfully!
webpack compiled [1m[32msuccessfully[39m[22m
Compiling...
Failed to compile.

Module not found: Error: Can't resolve 'D:\helpdesk-system\frontend\src\index.js' in 'D:\helpdesk-system\frontend'
[1m[31mERROR[39m[22m in [1m[32mmain[39m[22m
[1mModule [1m[31mnot found[39m[22m[1m: [1m[31mError[39m[22m[1m: Can't resolve 'D:\helpdesk-system\frontend\src\index.js' in 'D:\helpdesk-system\frontend'[39m[22m

[1m[31mERROR[39m[22m in [1m  [1m[31mError[39m[22m[1m: Child compilation [1m[31mfailed[39m[22m[1m:
  Module [1m[31mnot found[39m[22m[1m: [1m[31mError[39m[22m[1m: Can't resolve 'D:\helpdesk-system\frontend\public\ind  ex.html' in 'D:\helpdesk-system\frontend'
  ModuleNotFoundError: Module [1m[31mnot found[39m[22m[1m: [1m[31mError[39m[22m[1m: Can't resolve 'D:\helpdesk-syste  m\frontend\public\index.html' in 'D:\helpdesk-system\frontend'
      at D:\helpdesk-system\frontend\node_modules\webpack\lib\Compilation.js:207  3:28
      at D:\helpdesk-system\frontend\node_modules\webpack\lib\NormalModuleFactor  y.js:1041:13
      at eval (eval at create (D:\helpdesk-system\frontend\node_modules\tapable\  lib\HookCodeFactory.js:31:10), <anonymous>:10:1)
      at D:\helpdesk-system\frontend\node_modules\webpack\lib\NormalModuleFactor  y.js:437:22
      at eval (eval at create (D:\helpdesk-system\frontend\node_modules\tapable\  lib\HookCodeFactory.js:31:10), <anonymous>:9:1)
      at D:\helpdesk-system\frontend\node_modules\webpack\lib\NormalModuleFactor  y.js:622:22
      at D:\helpdesk-system\frontend\node_modules\webpack\lib\NormalModuleFactor  y.js:181:10
      at D:\helpdesk-system\frontend\node_modules\webpack\lib\NormalModuleFactor  y.js:894:25
      at D:\helpdesk-system\frontend\node_modules\webpack\lib\NormalModuleFactor  y.js:1126:8
      at D:\helpdesk-system\frontend\node_modules\webpack\lib\NormalModuleFactor  y.js:1255:5
      at D:\helpdesk-system\frontend\node_modules\neo-async\async.js:6883:13
      at D:\helpdesk-system\frontend\node_modules\webpack\lib\NormalModuleFactor  y.js:1238:45
      at finishWithoutResolve (D:\helpdesk-system\frontend\node_modules\enhanced  -resolve\lib\Resolver.js:590:11)
      at D:\helpdesk-system\frontend\node_modules\enhanced-resolve\lib\Resolver.  js:679:14
      at D:\helpdesk-system\frontend\node_modules\enhanced-resolve\lib\Resolver.  js:740:5
      at eval (eval at create (D:\helpdesk-system\frontend\node_modules\tapable\  lib\HookCodeFactory.js:31:10), <anonymous>:16:1)
      at D:\helpdesk-system\frontend\node_modules\enhanced-resolve\lib\Resolver.  js:740:5
      at eval (eval at create (D:\helpdesk-system\frontend\node_modules\tapable\  lib\HookCodeFactory.js:31:10), <anonymous>:27:1)
      at D:\helpdesk-system\frontend\node_modules\enhanced-resolve\lib\Descripti  onFilePlugin.js:89:43
      at D:\helpdesk-system\frontend\node_modules\enhanced-resolve\lib\Resolver.  js:740:5
      at eval (eval at create (D:\helpdesk-system\frontend\node_modules\tapable\  lib\HookCodeFactory.js:31:10), <anonymous>:15:1)
      at D:\helpdesk-system\frontend\node_modules\enhanced-resolve\lib\Resolver.  js:740:5
      at eval (eval at create (D:\helpdesk-system\frontend\node_modules\tapable\  lib\HookCodeFactory.js:31:10), <anonymous>:16:1)
      at D:\helpdesk-system\frontend\node_modules\enhanced-resolve\lib\Resolver.  js:740:5
      at eval (eval at create (D:\helpdesk-system\frontend\node_modules\tapable\  lib\HookCodeFactory.js:31:10), <anonymous>:16:1)
      at D:\helpdesk-system\frontend\node_modules\enhanced-resolve\lib\Resolver.  js:740:5
      at eval (eval at create (D:\helpdesk-system\frontend\node_modules\tapable\  lib\HookCodeFactory.js:31:10), <anonymous>:27:1)
      at D:\helpdesk-system\frontend\node_modules\enhanced-resolve\lib\Descripti  onFilePlugin.js:89:43
      at D:\helpdesk-system\frontend\node_modules\enhanced-resolve\lib\Resolver.  js:740:5
      at eval (eval at create (D:\helpdesk-system\frontend\node_modules\tapable\  lib\HookCodeFactory.js:31:10), <anonymous>:16:1)
      at D:\helpdesk-system\frontend\node_modules\enhanced-resolve\lib\Resolver.  js:740:5
      at eval (eval at create (D:\helpdesk-system\frontend\node_modules\tapable\  lib\HookCodeFactory.js:31:10), <anonymous>:15:1)
      at D:\helpdesk-system\frontend\node_modules\enhanced-resolve\lib\Directory  ExistsPlugin.js:43:15
      at process.processTicksAndRejections (node:internal/process/task_queues:81  :21)
  
  - Compilation.js:2073 
    [frontend]/[webpack]/lib/Compilation.js:2073:28
  
  - NormalModuleFactory.js:1041 
    [frontend]/[webpack]/lib/NormalModuleFactory.js:1041:13
  
  
  - NormalModuleFactory.js:437 
    [frontend]/[webpack]/lib/NormalModuleFactory.js:437:22
  
  
  - NormalModuleFactory.js:622 
    [frontend]/[webpack]/lib/NormalModuleFactory.js:622:22
  
  - NormalModuleFactory.js:181 
    [frontend]/[webpack]/lib/NormalModuleFactory.js:181:10
  
  - NormalModuleFactory.js:894 
    [frontend]/[webpack]/lib/NormalModuleFactory.js:894:25
  
  - NormalModuleFactory.js:1126 
    [frontend]/[webpack]/lib/NormalModuleFactory.js:1126:8
  
  - NormalModuleFactory.js:1255 
    [frontend]/[webpack]/lib/NormalModuleFactory.js:1255:5
  
  - async.js:6883 
    [frontend]/[neo-async]/async.js:6883:13
  
  - NormalModuleFactory.js:1238 
    [frontend]/[webpack]/lib/NormalModuleFactory.js:1238:45
  
  - Resolver.js:590 finishWithoutResolve
    [frontend]/[enhanced-resolve]/lib/Resolver.js:590:11
  
  - Resolver.js:679 
    [frontend]/[enhanced-resolve]/lib/Resolver.js:679:14
  
  - Resolver.js:740 
    [frontend]/[enhanced-resolve]/lib/Resolver.js:740:5
  
  
  - Resolver.js:740 
    [frontend]/[enhanced-resolve]/lib/Resolver.js:740:5
  
  
  - DescriptionFilePlugin.js:89 
    [frontend]/[enhanced-resolve]/lib/DescriptionFilePlugin.js:89:43
  
  - Resolver.js:740 
    [frontend]/[enhanced-resolve]/lib/Resolver.js:740:5
  
  
  - Resolver.js:740 
    [frontend]/[enhanced-resolve]/lib/Resolver.js:740:5
  
  
  - Resolver.js:740 
    [frontend]/[enhanced-resolve]/lib/Resolver.js:740:5
  
  
  - Resolver.js:740 
    [frontend]/[enhanced-resolve]/lib/Resolver.js:740:5
  
  
  - DescriptionFilePlugin.js:89 
    [frontend]/[enhanced-resolve]/lib/DescriptionFilePlugin.js:89:43
  
  - Resolver.js:740 
    [frontend]/[enhanced-resolve]/lib/Resolver.js:740:5
  
  
  - Resolver.js:740 
    [frontend]/[enhanced-resolve]/lib/Resolver.js:740:5
  
  
  - DirectoryExistsPlugin.js:43 
    [frontend]/[enhanced-resolve]/lib/DirectoryExistsPlugin.js:43:15
  
  - task_queues:81 process.processTicksAndRejections
    node:internal/process/task_queues:81:21
  
  - child-compiler.js:211 
    [frontend]/[html-webpack-plugin]/lib/child-compiler.js:211:18
  
  - Compiler.js:648 finalCallback
    [frontend]/[webpack]/lib/Compiler.js:648:5
  
  - Compiler.js:684 
    [frontend]/[webpack]/lib/Compiler.js:684:11
  
  - Compiler.js:1379 
    [frontend]/[webpack]/lib/Compiler.js:1379:17
  
  
  - Hook.js:21 Hook.CALL_ASYNC_DELEGATE [as _callAsync]
    [frontend]/[tapable]/lib/Hook.js:21:14
  
  - Compiler.js:1375 
    [frontend]/[webpack]/lib/Compiler.js:1375:33
  
  - Compilation.js:3183 finalCallback
    [frontend]/[webpack]/lib/Compilation.js:3183:11
  
  - Compilation.js:3521 
    [frontend]/[webpack]/lib/Compilation.js:3521:11
  
  
  - Hook.js:21 Hook.CALL_ASYNC_DELEGATE [as _callAsync]
    [frontend]/[tapable]/lib/Hook.js:21:14
  
  - Compilation.js:3514 
    [frontend]/[webpack]/lib/Compilation.js:3514:38
  
  
  - Compilation.js:653 
    [frontend]/[webpack]/lib/Compilation.js:653:11
  
  - SourceMapDevToolPlugin.js:635 
    [frontend]/[webpack]/lib/SourceMapDevToolPlugin.js:635:10
  
  - async.js:2830 
    [frontend]/[neo-async]/async.js:2830:7
  
  - async.js:2857 Object.each
    [frontend]/[neo-async]/async.js:2857:9
  
[39m[22m

[1m[31m1 ERROR in child compilations (Use 'stats.children: true' resp. '--stats-children' for more details)[39m[22m
webpack compiled with [1m[31m3 errors[39m[22m
Compiling...
Failed to compile.

Module not found: Error: Can't resolve 'D:\helpdesk-system\frontend\src\index.js' in 'D:\helpdesk-system\frontend'
[1m[31mERROR[39m[22m in [1m[32mmain[39m[22m
[1mModule [1m[31mnot found[39m[22m[1m: [1m[31mError[39m[22m[1m: Can't resolve 'D:\helpdesk-system\frontend\src\index.js' in 'D:\helpdesk-system\frontend'[39m[22m

[1m[31mERROR[39m[22m in [1m  [1m[31mError[39m[22m[1m: Child compilation [1m[31mfailed[39m[22m[1m:
  Module [1m[31mnot found[39m[22m[1m: [1m[31mError[39m[22m[1m: Can't resolve 'D:\helpdesk-system\frontend\public\ind  ex.html' in 'D:\helpdesk-system\frontend'
  ModuleNotFoundError: Module [1m[31mnot found[39m[22m[1m: [1m[31mError[39m[22m[1m: Can't resolve 'D:\helpdesk-syste  m\frontend\public\index.html' in 'D:\helpdesk-system\frontend'
      at D:\helpdesk-system\frontend\node_modules\webpack\lib\Compilation.js:207  3:28
      at D:\helpdesk-system\frontend\node_modules\webpack\lib\NormalModuleFactor  y.js:1041:13
      at eval (eval at create (D:\helpdesk-system\frontend\node_modules\tapable\  lib\HookCodeFactory.js:31:10), <anonymous>:10:1)
      at D:\helpdesk-system\frontend\node_modules\webpack\lib\NormalModuleFactor  y.js:437:22
      at eval (eval at create (D:\helpdesk-system\frontend\node_modules\tapable\  lib\HookCodeFactory.js:31:10), <anonymous>:9:1)
      at D:\helpdesk-system\frontend\node_modules\webpack\lib\NormalModuleFactor  y.js:622:22
      at D:\helpdesk-system\frontend\node_modules\webpack\lib\NormalModuleFactor  y.js:185:10
      at D:\helpdesk-system\frontend\node_modules\webpack\lib\NormalModuleFactor  y.js:894:25
      at D:\helpdesk-system\frontend\node_modules\webpack\lib\NormalModuleFactor  y.js:1126:8
      at D:\helpdesk-system\frontend\node_modules\webpack\lib\NormalModuleFactor  y.js:1255:5
      at D:\helpdesk-system\frontend\node_modules\neo-async\async.js:6883:13
      at D:\helpdesk-system\frontend\node_modules\webpack\lib\NormalModuleFactor  y.js:1238:45
      at finishWithoutResolve (D:\helpdesk-system\frontend\node_modules\enhanced  -resolve\lib\Resolver.js:590:11)
      at D:\helpdesk-system\frontend\node_modules\enhanced-resolve\lib\Resolver.  js:679:14
      at D:\helpdesk-system\frontend\node_modules\enhanced-resolve\lib\Resolver.  js:740:5
      at eval (eval at create (D:\helpdesk-system\frontend\node_modules\tapable\  lib\HookCodeFactory.js:31:10), <anonymous>:16:1)
      at D:\helpdesk-system\frontend\node_modules\enhanced-resolve\lib\Resolver.  js:740:5
      at eval (eval at create (D:\helpdesk-system\frontend\node_modules\tapable\  lib\HookCodeFactory.js:31:10), <anonymous>:27:1)
      at D:\helpdesk-system\frontend\node_modules\enhanced-resolve\lib\Descripti  onFilePlugin.js:89:43
      at D:\helpdesk-system\frontend\node_modules\enhanced-resolve\lib\Resolver.  js:740:5
      at eval (eval at create (D:\helpdesk-system\frontend\node_modules\tapable\  lib\HookCodeFactory.js:31:10), <anonymous>:15:1)
      at D:\helpdesk-system\frontend\node_modules\enhanced-resolve\lib\Resolver.  js:740:5
      at eval (eval at create (D:\helpdesk-system\frontend\node_modules\tapable\  lib\HookCodeFactory.js:31:10), <anonymous>:16:1)
      at D:\helpdesk-system\frontend\node_modules\enhanced-resolve\lib\Resolver.  js:740:5
      at eval (eval at create (D:\helpdesk-system\frontend\node_modules\tapable\  lib\HookCodeFactory.js:31:10), <anonymous>:16:1)
      at D:\helpdesk-system\frontend\node_modules\enhanced-resolve\lib\Resolver.  js:740:5
      at eval (eval at create (D:\helpdesk-system\frontend\node_modules\tapable\  lib\HookCodeFactory.js:31:10), <anonymous>:27:1)
      at D:\helpdesk-system\frontend\node_modules\enhanced-resolve\lib\Descripti  onFilePlugin.js:89:43
      at D:\helpdesk-system\frontend\node_modules\enhanced-resolve\lib\Resolver.  js:740:5
      at eval (eval at create (D:\helpdesk-system\frontend\node_modules\tapable\  lib\HookCodeFactory.js:31:10), <anonymous>:16:1)
      at D:\helpdesk-system\frontend\node_modules\enhanced-resolve\lib\Resolver.  js:740:5
      at eval (eval at create (D:\helpdesk-system\frontend\node_modules\tapable\  lib\HookCodeFactory.js:31:10), <anonymous>:15:1)
      at D:\helpdesk-system\frontend\node_modules\enhanced-resolve\lib\Directory  ExistsPlugin.js:43:15
      at process.processTicksAndRejections (node:internal/process/task_queues:81  :21)
  
  - Compilation.js:2073 
    [frontend]/[webpack]/lib/Compilation.js:2073:28
  
  - NormalModuleFactory.js:1041 
    [frontend]/[webpack]/lib/NormalModuleFactory.js:1041:13
  
  
  - NormalModuleFactory.js:437 
    [frontend]/[webpack]/lib/NormalModuleFactory.js:437:22
  
  
  - NormalModuleFactory.js:622 
    [frontend]/[webpack]/lib/NormalModuleFactory.js:622:22
  
  - NormalModuleFactory.js:185 
    [frontend]/[webpack]/lib/NormalModuleFactory.js:185:10
  
  - NormalModuleFactory.js:894 
    [frontend]/[webpack]/lib/NormalModuleFactory.js:894:25
  
  - NormalModuleFactory.js:1126 
    [frontend]/[webpack]/lib/NormalModuleFactory.js:1126:8
  
  - NormalModuleFactory.js:1255 
    [frontend]/[webpack]/lib/NormalModuleFactory.js:1255:5
  
  - async.js:6883 
    [frontend]/[neo-async]/async.js:6883:13
  
  - NormalModuleFactory.js:1238 
    [frontend]/[webpack]/lib/NormalModuleFactory.js:1238:45
  
  - Resolver.js:590 finishWithoutResolve
    [frontend]/[enhanced-resolve]/lib/Resolver.js:590:11
  
  - Resolver.js:679 
    [frontend]/[enhanced-resolve]/lib/Resolver.js:679:14
  
  - Resolver.js:740 
    [frontend]/[enhanced-resolve]/lib/Resolver.js:740:5
  
  
  - Resolver.js:740 
    [frontend]/[enhanced-resolve]/lib/Resolver.js:740:5
  
  
  - DescriptionFilePlugin.js:89 
    [frontend]/[enhanced-resolve]/lib/DescriptionFilePlugin.js:89:43
  
  - Resolver.js:740 
    [frontend]/[enhanced-resolve]/lib/Resolver.js:740:5
  
  
  - Resolver.js:740 
    [frontend]/[enhanced-resolve]/lib/Resolver.js:740:5
  
  
  - Resolver.js:740 
    [frontend]/[enhanced-resolve]/lib/Resolver.js:740:5
  
  
  - Resolver.js:740 
    [frontend]/[enhanced-resolve]/lib/Resolver.js:740:5
  
  
  - DescriptionFilePlugin.js:89 
    [frontend]/[enhanced-resolve]/lib/DescriptionFilePlugin.js:89:43
  
  - Resolver.js:740 
    [frontend]/[enhanced-resolve]/lib/Resolver.js:740:5
  
  
  - Resolver.js:740 
    [frontend]/[enhanced-resolve]/lib/Resolver.js:740:5
  
  
  - DirectoryExistsPlugin.js:43 
    [frontend]/[enhanced-resolve]/lib/DirectoryExistsPlugin.js:43:15
  
  - task_queues:81 process.processTicksAndRejections
    node:internal/process/task_queues:81:21
  
  - child-compiler.js:211 
    [frontend]/[html-webpack-plugin]/lib/child-compiler.js:211:18
  
  - Compiler.js:648 finalCallback
    [frontend]/[webpack]/lib/Compiler.js:648:5
  
  - Compiler.js:684 
    [frontend]/[webpack]/lib/Compiler.js:684:11
  
  - Compiler.js:1379 
    [frontend]/[webpack]/lib/Compiler.js:1379:17
  
  
  - Hook.js:21 Hook.CALL_ASYNC_DELEGATE [as _callAsync]
    [frontend]/[tapable]/lib/Hook.js:21:14
  
  - Compiler.js:1375 
    [frontend]/[webpack]/lib/Compiler.js:1375:33
  
  - Compilation.js:3183 finalCallback
    [frontend]/[webpack]/lib/Compilation.js:3183:11
  
  - Compilation.js:3521 
    [frontend]/[webpack]/lib/Compilation.js:3521:11
  
  
  - Hook.js:21 Hook.CALL_ASYNC_DELEGATE [as _callAsync]
    [frontend]/[tapable]/lib/Hook.js:21:14
  
  - Compilation.js:3514 
    [frontend]/[webpack]/lib/Compilation.js:3514:38
  
  
  - Compilation.js:653 
    [frontend]/[webpack]/lib/Compilation.js:653:11
  
  - SourceMapDevToolPlugin.js:635 
    [frontend]/[webpack]/lib/SourceMapDevToolPlugin.js:635:10
  
  - async.js:2830 
    [frontend]/[neo-async]/async.js:2830:7
  
  - async.js:2857 Object.each
    [frontend]/[neo-async]/async.js:2857:9
  
[39m[22m

[1m[31m1 ERROR in child compilations (Use 'stats.children: true' resp. '--stats-children' for more details)[39m[22m
webpack compiled with [1m[31m3 errors[39m[22m
Compiling...
Failed to compile.

Module not found: Error: Can't resolve 'D:\helpdesk-system\frontend\src\index.js' in 'D:\helpdesk-system\frontend'
[1m[31mERROR[39m[22m in [1m[32mmain[39m[22m
[1mModule [1m[31mnot found[39m[22m[1m: [1m[31mError[39m[22m[1m: Can't resolve 'D:\helpdesk-system\frontend\src\index.js' in 'D:\helpdesk-system\frontend'[39m[22m

webpack compiled with [1m[31m1 error[39m[22m
Compiling...
Compiled successfully!
webpack compiled [1m[32msuccessfully[39m[22m
Compiling...
Compiled successfully!
webpack compiled [1m[32msuccessfully[39m[22m
Compiling...
Compiled successfully!
webpack compiled [1m[32msuccessfully[39m[22m
Compiling...
Compiled successfully!
webpack compiled [1m[32msuccessfully[39m[22m
Compiling...
Compiled successfully!
webpack compiled [1m[32msuccessfully[39m[22m
Compiling...
Failed to compile.

Module not found: Error: Can't resolve 'D:\helpdesk-system\frontend\src\index.js' in 'D:\helpdesk-system\frontend'
[1m[31mERROR[39m[22m in [1m[32mmain[39m[22m
[1mModule [1m[31mnot found[39m[22m[1m: [1m[31mError[39m[22m[1m: Can't resolve 'D:\helpdesk-system\frontend\src\index.js' in 'D:\helpdesk-system\frontend'[39m[22m

[1m[31mERROR[39m[22m in [1m  [1m[31mError[39m[22m[1m: Child compilation [1m[31mfailed[39m[22m[1m:
  Module [1m[31mnot found[39m[22m[1m: [1m[31mError[39m[22m[1m: Can't resolve 'D:\helpdesk-system\frontend\public\ind  ex.html' in 'D:\helpdesk-system\frontend'
  ModuleNotFoundError: Module [1m[31mnot found[39m[22m[1m: [1m[31mError[39m[22m[1m: Can't resolve 'D:\helpdesk-syste  m\frontend\public\index.html' in 'D:\helpdesk-system\frontend'
      at D:\helpdesk-system\frontend\node_modules\webpack\lib\Compilation.js:207  3:28
      at D:\helpdesk-system\frontend\node_modules\webpack\lib\NormalModuleFactor  y.js:1041:13
      at eval (eval at create (D:\helpdesk-system\frontend\node_modules\tapable\  lib\HookCodeFactory.js:31:10), <anonymous>:10:1)
      at D:\helpdesk-system\frontend\node_modules\webpack\lib\NormalModuleFactor  y.js:437:22
      at eval (eval at create (D:\helpdesk-system\frontend\node_modules\tapable\  lib\HookCodeFactory.js:31:10), <anonymous>:9:1)
      at D:\helpdesk-system\frontend\node_modules\webpack\lib\NormalModuleFactor  y.js:622:22
      at D:\helpdesk-system\frontend\node_modules\webpack\lib\NormalModuleFactor  y.js:181:10
      at D:\helpdesk-system\frontend\node_modules\webpack\lib\NormalModuleFactor  y.js:894:25
      at D:\helpdesk-system\frontend\node_modules\webpack\lib\NormalModuleFactor  y.js:1126:8
      at D:\helpdesk-system\frontend\node_modules\webpack\lib\NormalModuleFactor  y.js:1255:5
      at D:\helpdesk-system\frontend\node_modules\neo-async\async.js:6883:13
      at D:\helpdesk-system\frontend\node_modules\webpack\lib\NormalModuleFactor  y.js:1238:45
      at finishWithoutResolve (D:\helpdesk-system\frontend\node_modules\enhanced  -resolve\lib\Resolver.js:590:11)
      at D:\helpdesk-system\frontend\node_modules\enhanced-resolve\lib\Resolver.  js:679:14
      at D:\helpdesk-system\frontend\node_modules\enhanced-resolve\lib\Resolver.  js:740:5
      at eval (eval at create (D:\helpdesk-system\frontend\node_modules\tapable\  lib\HookCodeFactory.js:31:10), <anonymous>:16:1)
      at D:\helpdesk-system\frontend\node_modules\enhanced-resolve\lib\Resolver.  js:740:5
      at eval (eval at create (D:\helpdesk-system\frontend\node_modules\tapable\  lib\HookCodeFactory.js:31:10), <anonymous>:27:1)
      at D:\helpdesk-system\frontend\node_modules\enhanced-resolve\lib\Descripti  onFilePlugin.js:89:43
      at D:\helpdesk-system\frontend\node_modules\enhanced-resolve\lib\Resolver.  js:740:5
      at eval (eval at create (D:\helpdesk-system\frontend\node_modules\tapable\  lib\HookCodeFactory.js:31:10), <anonymous>:15:1)
      at D:\helpdesk-system\frontend\node_modules\enhanced-resolve\lib\Resolver.  js:740:5
      at eval (eval at create (D:\helpdesk-system\frontend\node_modules\tapable\  lib\HookCodeFactory.js:31:10), <anonymous>:16:1)
      at D:\helpdesk-system\frontend\node_modules\enhanced-resolve\lib\Resolver.  js:740:5
      at eval (eval at create (D:\helpdesk-system\frontend\node_modules\tapable\  lib\HookCodeFactory.js:31:10), <anonymous>:16:1)
      at D:\helpdesk-system\frontend\node_modules\enhanced-resolve\lib\Resolver.  js:740:5
      at eval (eval at create (D:\helpdesk-system\frontend\node_modules\tapable\  lib\HookCodeFactory.js:31:10), <anonymous>:27:1)
      at D:\helpdesk-system\frontend\node_modules\enhanced-resolve\lib\Descripti  onFilePlugin.js:89:43
      at D:\helpdesk-system\frontend\node_modules\enhanced-resolve\lib\Resolver.  js:740:5
      at eval (eval at create (D:\helpdesk-system\frontend\node_modules\tapable\  lib\HookCodeFactory.js:31:10), <anonymous>:16:1)
      at D:\helpdesk-system\frontend\node_modules\enhanced-resolve\lib\Resolver.  js:740:5
      at eval (eval at create (D:\helpdesk-system\frontend\node_modules\tapable\  lib\HookCodeFactory.js:31:10), <anonymous>:15:1)
      at D:\helpdesk-system\frontend\node_modules\enhanced-resolve\lib\Directory  ExistsPlugin.js:43:15
      at process.processTicksAndRejections (node:internal/process/task_queues:81  :21)
  
  - Compilation.js:2073 
    [frontend]/[webpack]/lib/Compilation.js:2073:28
  
  - NormalModuleFactory.js:1041 
    [frontend]/[webpack]/lib/NormalModuleFactory.js:1041:13
  
  
  - NormalModuleFactory.js:437 
    [frontend]/[webpack]/lib/NormalModuleFactory.js:437:22
  
  
  - NormalModuleFactory.js:622 
    [frontend]/[webpack]/lib/NormalModuleFactory.js:622:22
  
  - NormalModuleFactory.js:181 
    [frontend]/[webpack]/lib/NormalModuleFactory.js:181:10
  
  - NormalModuleFactory.js:894 
    [frontend]/[webpack]/lib/NormalModuleFactory.js:894:25
  
  - NormalModuleFactory.js:1126 
    [frontend]/[webpack]/lib/NormalModuleFactory.js:1126:8
  
  - NormalModuleFactory.js:1255 
    [frontend]/[webpack]/lib/NormalModuleFactory.js:1255:5
  
  - async.js:6883 
    [frontend]/[neo-async]/async.js:6883:13
  
  - NormalModuleFactory.js:1238 
    [frontend]/[webpack]/lib/NormalModuleFactory.js:1238:45
  
  - Resolver.js:590 finishWithoutResolve
    [frontend]/[enhanced-resolve]/lib/Resolver.js:590:11
  
  - Resolver.js:679 
    [frontend]/[enhanced-resolve]/lib/Resolver.js:679:14
  
  - Resolver.js:740 
    [frontend]/[enhanced-resolve]/lib/Resolver.js:740:5
  
  
  - Resolver.js:740 
    [frontend]/[enhanced-resolve]/lib/Resolver.js:740:5
  
  
  - DescriptionFilePlugin.js:89 
    [frontend]/[enhanced-resolve]/lib/DescriptionFilePlugin.js:89:43
  
  - Resolver.js:740 
    [frontend]/[enhanced-resolve]/lib/Resolver.js:740:5
  
  
  - Resolver.js:740 
    [frontend]/[enhanced-resolve]/lib/Resolver.js:740:5
  
  
  - Resolver.js:740 
    [frontend]/[enhanced-resolve]/lib/Resolver.js:740:5
  
  
  - Resolver.js:740 
    [frontend]/[enhanced-resolve]/lib/Resolver.js:740:5
  
  
  - DescriptionFilePlugin.js:89 
    [frontend]/[enhanced-resolve]/lib/DescriptionFilePlugin.js:89:43
  
  - Resolver.js:740 
    [frontend]/[enhanced-resolve]/lib/Resolver.js:740:5
  
  
  - Resolver.js:740 
    [frontend]/[enhanced-resolve]/lib/Resolver.js:740:5
  
  
  - DirectoryExistsPlugin.js:43 
    [frontend]/[enhanced-resolve]/lib/DirectoryExistsPlugin.js:43:15
  
  - task_queues:81 process.processTicksAndRejections
    node:internal/process/task_queues:81:21
  
  - child-compiler.js:211 
    [frontend]/[html-webpack-plugin]/lib/child-compiler.js:211:18
  
  - Compiler.js:648 finalCallback
    [frontend]/[webpack]/lib/Compiler.js:648:5
  
  - Compiler.js:684 
    [frontend]/[webpack]/lib/Compiler.js:684:11
  
  - Compiler.js:1379 
    [frontend]/[webpack]/lib/Compiler.js:1379:17
  
  
  - Hook.js:21 Hook.CALL_ASYNC_DELEGATE [as _callAsync]
    [frontend]/[tapable]/lib/Hook.js:21:14
  
  - Compiler.js:1375 
    [frontend]/[webpack]/lib/Compiler.js:1375:33
  
  - Compilation.js:3183 finalCallback
    [frontend]/[webpack]/lib/Compilation.js:3183:11
  
  - Compilation.js:3521 
    [frontend]/[webpack]/lib/Compilation.js:3521:11
  
  
  - Hook.js:21 Hook.CALL_ASYNC_DELEGATE [as _callAsync]
    [frontend]/[tapable]/lib/Hook.js:21:14
  
  - Compilation.js:3514 
    [frontend]/[webpack]/lib/Compilation.js:3514:38
  
  
  - Compilation.js:653 
    [frontend]/[webpack]/lib/Compilation.js:653:11
  
  - SourceMapDevToolPlugin.js:635 
    [frontend]/[webpack]/lib/SourceMapDevToolPlugin.js:635:10
  
  - async.js:2830 
    [frontend]/[neo-async]/async.js:2830:7
  
  - async.js:2857 Object.each
    [frontend]/[neo-async]/async.js:2857:9
  
[39m[22m

[1m[31m1 ERROR in child compilations (Use 'stats.children: true' resp. '--stats-children' for more details)[39m[22m
webpack compiled with [1m[31m3 errors[39m[22m
Compiling...
Failed to compile.

Module not found: Error: Can't resolve 'D:\helpdesk-system\frontend\src\index.js' in 'D:\helpdesk-system\frontend'
[1m[31mERROR[39m[22m in [1m[32mmain[39m[22m
[1mModule [1m[31mnot found[39m[22m[1m: [1m[31mError[39m[22m[1m: Can't resolve 'D:\helpdesk-system\frontend\src\index.js' in 'D:\helpdesk-system\frontend'[39m[22m

[1m[31mERROR[39m[22m in [1m  [1m[31mError[39m[22m[1m: Child compilation [1m[31mfailed[39m[22m[1m:
  Module [1m[31mnot found[39m[22m[1m: [1m[31mError[39m[22m[1m: Can't resolve 'D:\helpdesk-system\frontend\public\ind  ex.html' in 'D:\helpdesk-system\frontend'
  ModuleNotFoundError: Module [1m[31mnot found[39m[22m[1m: [1m[31mError[39m[22m[1m: Can't resolve 'D:\helpdesk-syste  m\frontend\public\index.html' in 'D:\helpdesk-system\frontend'
      at D:\helpdesk-system\frontend\node_modules\webpack\lib\Compilation.js:207  3:28
      at D:\helpdesk-system\frontend\node_modules\webpack\lib\NormalModuleFactor  y.js:1041:13
      at eval (eval at create (D:\helpdesk-system\frontend\node_modules\tapable\  lib\HookCodeFactory.js:31:10), <anonymous>:10:1)
      at D:\helpdesk-system\frontend\node_modules\webpack\lib\NormalModuleFactor  y.js:437:22
      at eval (eval at create (D:\helpdesk-system\frontend\node_modules\tapable\  lib\HookCodeFactory.js:31:10), <anonymous>:9:1)
      at D:\helpdesk-system\frontend\node_modules\webpack\lib\NormalModuleFactor  y.js:622:22
      at D:\helpdesk-system\frontend\node_modules\webpack\lib\NormalModuleFactor  y.js:185:10
      at D:\helpdesk-system\frontend\node_modules\webpack\lib\NormalModuleFactor  y.js:894:25
      at D:\helpdesk-system\frontend\node_modules\webpack\lib\NormalModuleFactor  y.js:1126:8
      at D:\helpdesk-system\frontend\node_modules\webpack\lib\NormalModuleFactor  y.js:1255:5
      at D:\helpdesk-system\frontend\node_modules\neo-async\async.js:6883:13
      at D:\helpdesk-system\frontend\node_modules\webpack\lib\NormalModuleFactor  y.js:1238:45
      at finishWithoutResolve (D:\helpdesk-system\frontend\node_modules\enhanced  -resolve\lib\Resolver.js:590:11)
      at D:\helpdesk-system\frontend\node_modules\enhanced-resolve\lib\Resolver.  js:679:14
      at D:\helpdesk-system\frontend\node_modules\enhanced-resolve\lib\Resolver.  js:740:5
      at eval (eval at create (D:\helpdesk-system\frontend\node_modules\tapable\  lib\HookCodeFactory.js:31:10), <anonymous>:16:1)
      at D:\helpdesk-system\frontend\node_modules\enhanced-resolve\lib\Resolver.  js:740:5
      at eval (eval at create (D:\helpdesk-system\frontend\node_modules\tapable\  lib\HookCodeFactory.js:31:10), <anonymous>:27:1)
      at D:\helpdesk-system\frontend\node_modules\enhanced-resolve\lib\Descripti  onFilePlugin.js:89:43
      at D:\helpdesk-system\frontend\node_modules\enhanced-resolve\lib\Resolver.  js:740:5
      at eval (eval at create (D:\helpdesk-system\frontend\node_modules\tapable\  lib\HookCodeFactory.js:31:10), <anonymous>:15:1)
      at D:\helpdesk-system\frontend\node_modules\enhanced-resolve\lib\Resolver.  js:740:5
      at eval (eval at create (D:\helpdesk-system\frontend\node_modules\tapable\  lib\HookCodeFactory.js:31:10), <anonymous>:16:1)
      at D:\helpdesk-system\frontend\node_modules\enhanced-resolve\lib\Resolver.  js:740:5
      at eval (eval at create (D:\helpdesk-system\frontend\node_modules\tapable\  lib\HookCodeFactory.js:31:10), <anonymous>:16:1)
      at D:\helpdesk-system\frontend\node_modules\enhanced-resolve\lib\Resolver.  js:740:5
      at eval (eval at create (D:\helpdesk-system\frontend\node_modules\tapable\  lib\HookCodeFactory.js:31:10), <anonymous>:27:1)
      at D:\helpdesk-system\frontend\node_modules\enhanced-resolve\lib\Descripti  onFilePlugin.js:89:43
      at D:\helpdesk-system\frontend\node_modules\enhanced-resolve\lib\Resolver.  js:740:5
      at eval (eval at create (D:\helpdesk-system\frontend\node_modules\tapable\  lib\HookCodeFactory.js:31:10), <anonymous>:16:1)
      at D:\helpdesk-system\frontend\node_modules\enhanced-resolve\lib\Resolver.  js:740:5
      at eval (eval at create (D:\helpdesk-system\frontend\node_modules\tapable\  lib\HookCodeFactory.js:31:10), <anonymous>:15:1)
      at D:\helpdesk-system\frontend\node_modules\enhanced-resolve\lib\Directory  ExistsPlugin.js:43:15
      at process.processTicksAndRejections (node:internal/process/task_queues:81  :21)
  
  - Compilation.js:2073 
    [frontend]/[webpack]/lib/Compilation.js:2073:28
  
  - NormalModuleFactory.js:1041 
    [frontend]/[webpack]/lib/NormalModuleFactory.js:1041:13
  
  
  - NormalModuleFactory.js:437 
    [frontend]/[webpack]/lib/NormalModuleFactory.js:437:22
  
  
  - NormalModuleFactory.js:622 
    [frontend]/[webpack]/lib/NormalModuleFactory.js:622:22
  
  - NormalModuleFactory.js:185 
    [frontend]/[webpack]/lib/NormalModuleFactory.js:185:10
  
  - NormalModuleFactory.js:894 
    [frontend]/[webpack]/lib/NormalModuleFactory.js:894:25
  
  - NormalModuleFactory.js:1126 
    [frontend]/[webpack]/lib/NormalModuleFactory.js:1126:8
  
  - NormalModuleFactory.js:1255 
    [frontend]/[webpack]/lib/NormalModuleFactory.js:1255:5
  
  - async.js:6883 
    [frontend]/[neo-async]/async.js:6883:13
  
  - NormalModuleFactory.js:1238 
    [frontend]/[webpack]/lib/NormalModuleFactory.js:1238:45
  
  - Resolver.js:590 finishWithoutResolve
    [frontend]/[enhanced-resolve]/lib/Resolver.js:590:11
  
  - Resolver.js:679 
    [frontend]/[enhanced-resolve]/lib/Resolver.js:679:14
  
  - Resolver.js:740 
    [frontend]/[enhanced-resolve]/lib/Resolver.js:740:5
  
  
  - Resolver.js:740 
    [frontend]/[enhanced-resolve]/lib/Resolver.js:740:5
  
  
  - DescriptionFilePlugin.js:89 
    [frontend]/[enhanced-resolve]/lib/DescriptionFilePlugin.js:89:43
  
  - Resolver.js:740 
    [frontend]/[enhanced-resolve]/lib/Resolver.js:740:5
  
  
  - Resolver.js:740 
    [frontend]/[enhanced-resolve]/lib/Resolver.js:740:5
  
  
  - Resolver.js:740 
    [frontend]/[enhanced-resolve]/lib/Resolver.js:740:5
  
  
  - Resolver.js:740 
    [frontend]/[enhanced-resolve]/lib/Resolver.js:740:5
  
  
  - DescriptionFilePlugin.js:89 
    [frontend]/[enhanced-resolve]/lib/DescriptionFilePlugin.js:89:43
  
  - Resolver.js:740 
    [frontend]/[enhanced-resolve]/lib/Resolver.js:740:5
  
  
  - Resolver.js:740 
    [frontend]/[enhanced-resolve]/lib/Resolver.js:740:5
  
  
  - DirectoryExistsPlugin.js:43 
    [frontend]/[enhanced-resolve]/lib/DirectoryExistsPlugin.js:43:15
  
  - task_queues:81 process.processTicksAndRejections
    node:internal/process/task_queues:81:21
  
  - child-compiler.js:211 
    [frontend]/[html-webpack-plugin]/lib/child-compiler.js:211:18
  
  - Compiler.js:648 finalCallback
    [frontend]/[webpack]/lib/Compiler.js:648:5
  
  - Compiler.js:684 
    [frontend]/[webpack]/lib/Compiler.js:684:11
  
  - Compiler.js:1379 
    [frontend]/[webpack]/lib/Compiler.js:1379:17
  
  
  - Hook.js:21 Hook.CALL_ASYNC_DELEGATE [as _callAsync]
    [frontend]/[tapable]/lib/Hook.js:21:14
  
  - Compiler.js:1375 
    [frontend]/[webpack]/lib/Compiler.js:1375:33
  
  - Compilation.js:3183 finalCallback
    [frontend]/[webpack]/lib/Compilation.js:3183:11
  
  - Compilation.js:3521 
    [frontend]/[webpack]/lib/Compilation.js:3521:11
  
  
  - Hook.js:21 Hook.CALL_ASYNC_DELEGATE [as _callAsync]
    [frontend]/[tapable]/lib/Hook.js:21:14
  
  - Compilation.js:3514 
    [frontend]/[webpack]/lib/Compilation.js:3514:38
  
  
  - Compilation.js:653 
    [frontend]/[webpack]/lib/Compilation.js:653:11
  
  - SourceMapDevToolPlugin.js:635 
    [frontend]/[webpack]/lib/SourceMapDevToolPlugin.js:635:10
  
  - async.js:2830 
    [frontend]/[neo-async]/async.js:2830:7
  
  - async.js:2857 Object.each
    [frontend]/[neo-async]/async.js:2857:9
  
[39m[22m

[1m[31m1 ERROR in child compilations (Use 'stats.children: true' resp. '--stats-children' for more details)[39m[22m
webpack compiled with [1m[31m3 errors[39m[22m
Failed to compile.

Module not found: Error: Can't resolve 'D:\helpdesk-system\frontend\node_modules\source-map-loader\dist\cjs.js' in 'D:\helpdesk-system\frontend'
[1mLOG from webpack.FileSystemInfo[39m[22m
<w> [1m[33mManaged item D:\helpdesk-system\frontend\node_modules\webpack-dev-server isn't a directory or doesn't contain a package.json (see snapshot.managedPaths option)[39m[22m
<w> [1m[33mManaged item D:\helpdesk-system\frontend\node_modules\webpack isn't a directory or doesn't contain a package.json (see snapshot.managedPaths option)[39m[22m
+ 16 hidden lines

[1m[31mERROR[39m[22m in [1mModule [1m[31mnot found[39m[22m[1m: [1m[31mError[39m[22m[1m: Can't resolve 'D:\helpdesk-system\frontend\node_modules\source-map-loader\dist\cjs.js' in 'D:\helpdesk-system\frontend'[39m[22m

[1m[31mERROR[39m[22m in [1mModule [1m[31mnot found[39m[22m[1m: [1m[31mError[39m[22m[1m: Can't resolve 'D:\helpdesk-system\frontend\node_modules\source-map-loader\dist\cjs.js' in 'D:\helpdesk-system\frontend'[39m[22m

[1m[31mERROR[39m[22m in [1mModule [1m[31mnot found[39m[22m[1m: [1m[31mError[39m[22m[1m: Can't resolve 'D:\helpdesk-system\frontend\node_modules\webpack\hot\dev-server.js' in 'D:\helpdesk-system\frontend'[39m[22m

[1m[31mERROR[39m[22m in [1m[32mmain[39m[22m
[1mModule [1m[31mnot found[39m[22m[1m: [1m[31mError[39m[22m[1m: Can't resolve 'D:\helpdesk-system\frontend\src\index.js' in 'D:\helpdesk-system\frontend'[39m[22m

[1m[31mERROR[39m[22m in [1m  [1m[31mError[39m[22m[1m: Child compilation [1m[31mfailed[39m[22m[1m:
  Module [1m[31mnot found[39m[22m[1m: [1m[31mError[39m[22m[1m: Can't resolve 'D:\helpdesk-system\frontend\public\ind  ex.html' in 'D:\helpdesk-system\frontend'
  ModuleNotFoundError: Module [1m[31mnot found[39m[22m[1m: [1m[31mError[39m[22m[1m: Can't resolve 'D:\helpdesk-syste  m\frontend\public\index.html' in 'D:\helpdesk-system\frontend'
      at D:\helpdesk-system\frontend\node_modules\webpack\lib\Compilation.js:207  3:28
      at D:\helpdesk-system\frontend\node_modules\webpack\lib\NormalModuleFactor  y.js:1041:13
      at eval (eval at create (D:\helpdesk-system\frontend\node_modules\tapable\  lib\HookCodeFactory.js:31:10), <anonymous>:10:1)
      at D:\helpdesk-system\frontend\node_modules\webpack\lib\NormalModuleFactor  y.js:437:22
      at eval (eval at create (D:\helpdesk-system\frontend\node_modules\tapable\  lib\HookCodeFactory.js:31:10), <anonymous>:9:1)
      at D:\helpdesk-system\frontend\node_modules\webpack\lib\NormalModuleFactor  y.js:622:22
      at D:\helpdesk-system\frontend\node_modules\webpack\lib\NormalModuleFactor  y.js:185:10
      at D:\helpdesk-system\frontend\node_modules\webpack\lib\NormalModuleFactor  y.js:894:25
      at D:\helpdesk-system\frontend\node_modules\webpack\lib\NormalModuleFactor  y.js:1126:8
      at D:\helpdesk-system\frontend\node_modules\webpack\lib\NormalModuleFactor  y.js:1255:5
      at D:\helpdesk-system\frontend\node_modules\neo-async\async.js:6883:13
      at D:\helpdesk-system\frontend\node_modules\webpack\lib\NormalModuleFactor  y.js:1238:45
      at finishWithoutResolve (D:\helpdesk-system\frontend\node_modules\enhanced  -resolve\lib\Resolver.js:590:11)
      at D:\helpdesk-system\frontend\node_modules\enhanced-resolve\lib\Resolver.  js:679:14
      at D:\helpdesk-system\frontend\node_modules\enhanced-resolve\lib\Resolver.  js:740:5
      at eval (eval at create (D:\helpdesk-system\frontend\node_modules\tapable\  lib\HookCodeFactory.js:31:10), <anonymous>:16:1)
      at D:\helpdesk-system\frontend\node_modules\enhanced-resolve\lib\Resolver.  js:740:5
      at eval (eval at create (D:\helpdesk-system\frontend\node_modules\tapable\  lib\HookCodeFactory.js:31:10), <anonymous>:27:1)
      at D:\helpdesk-system\frontend\node_modules\enhanced-resolve\lib\Descripti  onFilePlugin.js:89:43
      at D:\helpdesk-system\frontend\node_modules\enhanced-resolve\lib\Resolver.  js:740:5
      at eval (eval at create (D:\helpdesk-system\frontend\node_modules\tapable\  lib\HookCodeFactory.js:31:10), <anonymous>:15:1)
      at D:\helpdesk-system\frontend\node_modules\enhanced-resolve\lib\Resolver.  js:740:5
      at eval (eval at create (D:\helpdesk-system\frontend\node_modules\tapable\  lib\HookCodeFactory.js:31:10), <anonymous>:16:1)
      at D:\helpdesk-system\frontend\node_modules\enhanced-resolve\lib\Resolver.  js:740:5
      at eval (eval at create (D:\helpdesk-system\frontend\node_modules\tapable\  lib\HookCodeFactory.js:31:10), <anonymous>:16:1)
      at D:\helpdesk-system\frontend\node_modules\enhanced-resolve\lib\Resolver.  js:740:5
      at eval (eval at create (D:\helpdesk-system\frontend\node_modules\tapable\  lib\HookCodeFactory.js:31:10), <anonymous>:27:1)
      at D:\helpdesk-system\frontend\node_modules\enhanced-resolve\lib\Descripti  onFilePlugin.js:89:43
      at D:\helpdesk-system\frontend\node_modules\enhanced-resolve\lib\Resolver.  js:740:5
      at eval (eval at create (D:\helpdesk-system\frontend\node_modules\tapable\  lib\HookCodeFactory.js:31:10), <anonymous>:16:1)
      at D:\helpdesk-system\frontend\node_modules\enhanced-resolve\lib\Resolver.  js:740:5
      at eval (eval at create (D:\helpdesk-system\frontend\node_modules\tapable\  lib\HookCodeFactory.js:31:10), <anonymous>:15:1)
      at D:\helpdesk-system\frontend\node_modules\enhanced-resolve\lib\Directory  ExistsPlugin.js:43:15
      at process.processTicksAndRejections (node:internal/process/task_queues:81  :21)
  
  - Compilation.js:2073 
    [frontend]/[webpack]/lib/Compilation.js:2073:28
  
  - NormalModuleFactory.js:1041 
    [frontend]/[webpack]/lib/NormalModuleFactory.js:1041:13
  
  
  - NormalModuleFactory.js:437 
    [frontend]/[webpack]/lib/NormalModuleFactory.js:437:22
  
  
  - NormalModuleFactory.js:622 
    [frontend]/[webpack]/lib/NormalModuleFactory.js:622:22
  
  - NormalModuleFactory.js:185 
    [frontend]/[webpack]/lib/NormalModuleFactory.js:185:10
  
  - NormalModuleFactory.js:894 
    [frontend]/[webpack]/lib/NormalModuleFactory.js:894:25
  
  - NormalModuleFactory.js:1126 
    [frontend]/[webpack]/lib/NormalModuleFactory.js:1126:8
  
  - NormalModuleFactory.js:1255 
    [frontend]/[webpack]/lib/NormalModuleFactory.js:1255:5
  
  - async.js:6883 
    [frontend]/[neo-async]/async.js:6883:13
  
  - NormalModuleFactory.js:1238 
    [frontend]/[webpack]/lib/NormalModuleFactory.js:1238:45
  
  - Resolver.js:590 finishWithoutResolve
    [frontend]/[enhanced-resolve]/lib/Resolver.js:590:11
  
  - Resolver.js:679 
    [frontend]/[enhanced-resolve]/lib/Resolver.js:679:14
  
  - Resolver.js:740 
    [frontend]/[enhanced-resolve]/lib/Resolver.js:740:5
  
  
  - Resolver.js:740 
    [frontend]/[enhanced-resolve]/lib/Resolver.js:740:5
  
  
  - DescriptionFilePlugin.js:89 
    [frontend]/[enhanced-resolve]/lib/DescriptionFilePlugin.js:89:43
  
  - Resolver.js:740 
    [frontend]/[enhanced-resolve]/lib/Resolver.js:740:5
  
  
  - Resolver.js:740 
    [frontend]/[enhanced-resolve]/lib/Resolver.js:740:5
  
  
  - Resolver.js:740 
    [frontend]/[enhanced-resolve]/lib/Resolver.js:740:5
  
  
  - Resolver.js:740 
    [frontend]/[enhanced-resolve]/lib/Resolver.js:740:5
  
  
  - DescriptionFilePlugin.js:89 
    [frontend]/[enhanced-resolve]/lib/DescriptionFilePlugin.js:89:43
  
  - Resolver.js:740 
    [frontend]/[enhanced-resolve]/lib/Resolver.js:740:5
  
  
  - Resolver.js:740 
    [frontend]/[enhanced-resolve]/lib/Resolver.js:740:5
  
  
  - DirectoryExistsPlugin.js:43 
    [frontend]/[enhanced-resolve]/lib/DirectoryExistsPlugin.js:43:15
  
  - task_queues:81 process.processTicksAndRejections
    node:internal/process/task_queues:81:21
  
  - child-compiler.js:211 
    [frontend]/[html-webpack-plugin]/lib/child-compiler.js:211:18
  
  - Compiler.js:648 finalCallback
    [frontend]/[webpack]/lib/Compiler.js:648:5
  
  - Compiler.js:684 
    [frontend]/[webpack]/lib/Compiler.js:684:11
  
  - Compiler.js:1379 
    [frontend]/[webpack]/lib/Compiler.js:1379:17
  
  
  - Hook.js:21 Hook.CALL_ASYNC_DELEGATE [as _callAsync]
    [frontend]/[tapable]/lib/Hook.js:21:14
  
  - Compiler.js:1375 
    [frontend]/[webpack]/lib/Compiler.js:1375:33
  
  - Compilation.js:3183 finalCallback
    [frontend]/[webpack]/lib/Compilation.js:3183:11
  
  - Compilation.js:3521 
    [frontend]/[webpack]/lib/Compilation.js:3521:11
  
  
  - Hook.js:21 Hook.CALL_ASYNC_DELEGATE [as _callAsync]
    [frontend]/[tapable]/lib/Hook.js:21:14
  
  - Compilation.js:3514 
    [frontend]/[webpack]/lib/Compilation.js:3514:38
  
  
  - Compilation.js:653 
    [frontend]/[webpack]/lib/Compilation.js:653:11
  
  - SourceMapDevToolPlugin.js:635 
    [frontend]/[webpack]/lib/SourceMapDevToolPlugin.js:635:10
  
  - async.js:2830 
    [frontend]/[neo-async]/async.js:2830:7
  
  - async.js:2857 Object.each
    [frontend]/[neo-async]/async.js:2857:9
  
[39m[22m

webpack compiled with [1m[31m5 errors[39m[22m
Failed to compile.

Module not found: Error: Can't resolve 'D:\helpdesk-system\frontend\node_modules\@pmmmwh\react-refresh-webpack-plugin\client\ReactRefreshEntry.js' in 'D:\helpdesk-system\frontend'
[1m[31mERROR[39m[22m in [1mModule [1m[31mnot found[39m[22m[1m: [1m[31mError[39m[22m[1m: Can't resolve 'D:\helpdesk-system\frontend\node_modules\@pmmmwh\react-refresh-webpack-plugin\client\ReactRefreshEntry.js' in 'D:\helpdesk-system\frontend'[39m[22m

[1m[31mERROR[39m[22m in [1mModule [1m[31mnot found[39m[22m[1m: [1m[31mError[39m[22m[1m: Can't resolve 'D:\helpdesk-system\frontend\node_modules\webpack-dev-server\client\index.js?protocol=ws%3A&hostname=0.0.0.0&port=3000&pathname=%2Fws&logging=none&overlay=%7B%22errors%22%3Atrue%2C%22warnings%22%3Afalse%7D&reconnect=10&hot=true&live-reload=true' in 'D:\helpdesk-system\frontend'[39m[22m

[1m[31mERROR[39m[22m in [1mModule [1m[31mnot found[39m[22m[1m: [1m[31mError[39m[22m[1m: Can't resolve 'D:\helpdesk-system\frontend\node_modules\webpack\hot\dev-server.js' in 'D:\helpdesk-system\frontend'[39m[22m

[1m[31mERROR[39m[22m in [1m[32mmain[39m[22m
[1mModule [1m[31mnot found[39m[22m[1m: [1m[31mError[39m[22m[1m: Can't resolve 'D:\helpdesk-system\frontend\src\index.js' in 'D:\helpdesk-system\frontend'[39m[22m

[1m[31mERROR[39m[22m in [1m  [1m[31mError[39m[22m[1m: Child compilation [1m[31mfailed[39m[22m[1m:
  Module [1m[31mnot found[39m[22m[1m: [1m[31mError[39m[22m[1m: Can't resolve 'D:\helpdesk-system\frontend\public\ind  ex.html' in 'D:\helpdesk-system\frontend'
  ModuleNotFoundError: Module [1m[31mnot found[39m[22m[1m: [1m[31mError[39m[22m[1m: Can't resolve 'D:\helpdesk-syste  m\frontend\public\index.html' in 'D:\helpdesk-system\frontend'
      at D:\helpdesk-system\frontend\node_modules\webpack\lib\Compilation.js:207  3:28
      at D:\helpdesk-system\frontend\node_modules\webpack\lib\NormalModuleFactor  y.js:1041:13
      at eval (eval at create (D:\helpdesk-system\frontend\node_modules\tapable\  lib\HookCodeFactory.js:31:10), <anonymous>:10:1)
      at D:\helpdesk-system\frontend\node_modules\webpack\lib\NormalModuleFactor  y.js:437:22
      at eval (eval at create (D:\helpdesk-system\frontend\node_modules\tapable\  lib\HookCodeFactory.js:31:10), <anonymous>:9:1)
      at D:\helpdesk-system\frontend\node_modules\webpack\lib\NormalModuleFactor  y.js:622:22
      at D:\helpdesk-system\frontend\node_modules\webpack\lib\NormalModuleFactor  y.js:185:10
      at D:\helpdesk-system\frontend\node_modules\webpack\lib\NormalModuleFactor  y.js:894:25
      at D:\helpdesk-system\frontend\node_modules\webpack\lib\NormalModuleFactor  y.js:1126:8
      at D:\helpdesk-system\frontend\node_modules\webpack\lib\NormalModuleFactor  y.js:1255:5
      at D:\helpdesk-system\frontend\node_modules\neo-async\async.js:6883:13
      at D:\helpdesk-system\frontend\node_modules\webpack\lib\NormalModuleFactor  y.js:1238:45
      at finishWithoutResolve (D:\helpdesk-system\frontend\node_modules\enhanced  -resolve\lib\Resolver.js:590:11)
      at D:\helpdesk-system\frontend\node_modules\enhanced-resolve\lib\Resolver.  js:679:14
      at D:\helpdesk-system\frontend\node_modules\enhanced-resolve\lib\Resolver.  js:740:5
      at eval (eval at create (D:\helpdesk-system\frontend\node_modules\tapable\  lib\HookCodeFactory.js:31:10), <anonymous>:16:1)
      at D:\helpdesk-system\frontend\node_modules\enhanced-resolve\lib\Resolver.  js:740:5
      at eval (eval at create (D:\helpdesk-system\frontend\node_modules\tapable\  lib\HookCodeFactory.js:31:10), <anonymous>:27:1)
      at D:\helpdesk-system\frontend\node_modules\enhanced-resolve\lib\Descripti  onFilePlugin.js:89:43
      at D:\helpdesk-system\frontend\node_modules\enhanced-resolve\lib\Resolver.  js:740:5
      at eval (eval at create (D:\helpdesk-system\frontend\node_modules\tapable\  lib\HookCodeFactory.js:31:10), <anonymous>:15:1)
      at D:\helpdesk-system\frontend\node_modules\enhanced-resolve\lib\Resolver.  js:740:5
      at eval (eval at create (D:\helpdesk-system\frontend\node_modules\tapable\  lib\HookCodeFactory.js:31:10), <anonymous>:16:1)
      at D:\helpdesk-system\frontend\node_modules\enhanced-resolve\lib\Resolver.  js:740:5
      at eval (eval at create (D:\helpdesk-system\frontend\node_modules\tapable\  lib\HookCodeFactory.js:31:10), <anonymous>:16:1)
      at D:\helpdesk-system\frontend\node_modules\enhanced-resolve\lib\Resolver.  js:740:5
      at eval (eval at create (D:\helpdesk-system\frontend\node_modules\tapable\  lib\HookCodeFactory.js:31:10), <anonymous>:27:1)
      at D:\helpdesk-system\frontend\node_modules\enhanced-resolve\lib\Descripti  onFilePlugin.js:89:43
      at D:\helpdesk-system\frontend\node_modules\enhanced-resolve\lib\Resolver.  js:740:5
      at eval (eval at create (D:\helpdesk-system\frontend\node_modules\tapable\  lib\HookCodeFactory.js:31:10), <anonymous>:16:1)
      at D:\helpdesk-system\frontend\node_modules\enhanced-resolve\lib\Resolver.  js:740:5
      at eval (eval at create (D:\helpdesk-system\frontend\node_modules\tapable\  lib\HookCodeFactory.js:31:10), <anonymous>:15:1)
      at D:\helpdesk-system\frontend\node_modules\enhanced-resolve\lib\Directory  ExistsPlugin.js:43:15
      at process.processTicksAndRejections (node:internal/process/task_queues:81  :21)
  
  - Compilation.js:2073 
    [frontend]/[webpack]/lib/Compilation.js:2073:28
  
  - NormalModuleFactory.js:1041 
    [frontend]/[webpack]/lib/NormalModuleFactory.js:1041:13
  
  
  - NormalModuleFactory.js:437 
    [frontend]/[webpack]/lib/NormalModuleFactory.js:437:22
  
  
  - NormalModuleFactory.js:622 
    [frontend]/[webpack]/lib/NormalModuleFactory.js:622:22
  
  - NormalModuleFactory.js:185 
    [frontend]/[webpack]/lib/NormalModuleFactory.js:185:10
  
  - NormalModuleFactory.js:894 
    [frontend]/[webpack]/lib/NormalModuleFactory.js:894:25
  
  - NormalModuleFactory.js:1126 
    [frontend]/[webpack]/lib/NormalModuleFactory.js:1126:8
  
  - NormalModuleFactory.js:1255 
    [frontend]/[webpack]/lib/NormalModuleFactory.js:1255:5
  
  - async.js:6883 
    [frontend]/[neo-async]/async.js:6883:13
  
  - NormalModuleFactory.js:1238 
    [frontend]/[webpack]/lib/NormalModuleFactory.js:1238:45
  
  - Resolver.js:590 finishWithoutResolve
    [frontend]/[enhanced-resolve]/lib/Resolver.js:590:11
  
  - Resolver.js:679 
    [frontend]/[enhanced-resolve]/lib/Resolver.js:679:14
  
  - Resolver.js:740 
    [frontend]/[enhanced-resolve]/lib/Resolver.js:740:5
  
  
  - Resolver.js:740 
    [frontend]/[enhanced-resolve]/lib/Resolver.js:740:5
  
  
  - DescriptionFilePlugin.js:89 
    [frontend]/[enhanced-resolve]/lib/DescriptionFilePlugin.js:89:43
  
  - Resolver.js:740 
    [frontend]/[enhanced-resolve]/lib/Resolver.js:740:5
  
  
  - Resolver.js:740 
    [frontend]/[enhanced-resolve]/lib/Resolver.js:740:5
  
  
  - Resolver.js:740 
    [frontend]/[enhanced-resolve]/lib/Resolver.js:740:5
  
  
  - Resolver.js:740 
    [frontend]/[enhanced-resolve]/lib/Resolver.js:740:5
  
  
  - DescriptionFilePlugin.js:89 
    [frontend]/[enhanced-resolve]/lib/DescriptionFilePlugin.js:89:43
  
  - Resolver.js:740 
    [frontend]/[enhanced-resolve]/lib/Resolver.js:740:5
  
  
  - Resolver.js:740 
    [frontend]/[enhanced-resolve]/lib/Resolver.js:740:5
  
  
  - DirectoryExistsPlugin.js:43 
    [frontend]/[enhanced-resolve]/lib/DirectoryExistsPlugin.js:43:15
  
  - task_queues:81 process.processTicksAndRejections
    node:internal/process/task_queues:81:21
  
  - child-compiler.js:211 
    [frontend]/[html-webpack-plugin]/lib/child-compiler.js:211:18
  
  - Compiler.js:648 finalCallback
    [frontend]/[webpack]/lib/Compiler.js:648:5
  
  - Compiler.js:684 
    [frontend]/[webpack]/lib/Compiler.js:684:11
  
  - Compiler.js:1379 
    [frontend]/[webpack]/lib/Compiler.js:1379:17
  
  
  - Hook.js:21 Hook.CALL_ASYNC_DELEGATE [as _callAsync]
    [frontend]/[tapable]/lib/Hook.js:21:14
  
  - Compiler.js:1375 
    [frontend]/[webpack]/lib/Compiler.js:1375:33
  
  - Compilation.js:3183 finalCallback
    [frontend]/[webpack]/lib/Compilation.js:3183:11
  
  - Compilation.js:3521 
    [frontend]/[webpack]/lib/Compilation.js:3521:11
  
  
  - Hook.js:21 Hook.CALL_ASYNC_DELEGATE [as _callAsync]
    [frontend]/[tapable]/lib/Hook.js:21:14
  
  - Compilation.js:3514 
    [frontend]/[webpack]/lib/Compilation.js:3514:38
  
  
  - Compilation.js:653 
    [frontend]/[webpack]/lib/Compilation.js:653:11
  
  - SourceMapDevToolPlugin.js:635 
    [frontend]/[webpack]/lib/SourceMapDevToolPlugin.js:635:10
  
  - async.js:2830 
    [frontend]/[neo-async]/async.js:2830:7
  
  - async.js:2857 Object.each
    [frontend]/[neo-async]/async.js:2857:9
  
[39m[22m

webpack compiled with [1m[31m5 errors[39m[22m
Failed to compile.

Module not found: Error: Can't resolve 'D:\helpdesk-system\frontend\node_modules\@pmmmwh\react-refresh-webpack-plugin\client\ReactRefreshEntry.js' in 'D:\helpdesk-system\frontend'
[1m[31mERROR[39m[22m in [1mModule [1m[31mnot found[39m[22m[1m: [1m[31mError[39m[22m[1m: Can't resolve 'D:\helpdesk-system\frontend\node_modules\@pmmmwh\react-refresh-webpack-plugin\client\ReactRefreshEntry.js' in 'D:\helpdesk-system\frontend'[39m[22m

[1m[31mERROR[39m[22m in [1mModule [1m[31mnot found[39m[22m[1m: [1m[31mError[39m[22m[1m: Can't resolve 'D:\helpdesk-system\frontend\node_modules\webpack-dev-server\client\index.js?protocol=ws%3A&hostname=0.0.0.0&port=3000&pathname=%2Fws&logging=none&overlay=%7B%22errors%22%3Atrue%2C%22warnings%22%3Afalse%7D&reconnect=10&hot=true&live-reload=true' in 'D:\helpdesk-system\frontend'[39m[22m

[1m[31mERROR[39m[22m in [1mModule [1m[31mnot found[39m[22m[1m: [1m[31mError[39m[22m[1m: Can't resolve 'D:\helpdesk-system\frontend\node_modules\webpack\hot\dev-server.js' in 'D:\helpdesk-system\frontend'[39m[22m

[1m[31mERROR[39m[22m in [1m[32mmain[39m[22m
[1mModule [1m[31mnot found[39m[22m[1m: [1m[31mError[39m[22m[1m: Can't resolve 'D:\helpdesk-system\frontend\src\index.js' in 'D:\helpdesk-system\frontend'[39m[22m

[1m[31mERROR[39m[22m in [1m  [1m[31mError[39m[22m[1m: Child compilation [1m[31mfailed[39m[22m[1m:
  Module [1m[31mnot found[39m[22m[1m: [1m[31mError[39m[22m[1m: Can't resolve 'D:\helpdesk-system\frontend\public\ind  ex.html' in 'D:\helpdesk-system\frontend'
  ModuleNotFoundError: Module [1m[31mnot found[39m[22m[1m: [1m[31mError[39m[22m[1m: Can't resolve 'D:\helpdesk-syste  m\frontend\public\index.html' in 'D:\helpdesk-system\frontend'
      at D:\helpdesk-system\frontend\node_modules\webpack\lib\Compilation.js:207  3:28
      at D:\helpdesk-system\frontend\node_modules\webpack\lib\NormalModuleFactor  y.js:1041:13
      at eval (eval at create (D:\helpdesk-system\frontend\node_modules\tapable\  lib\HookCodeFactory.js:31:10), <anonymous>:10:1)
      at D:\helpdesk-system\frontend\node_modules\webpack\lib\NormalModuleFactor  y.js:437:22
      at eval (eval at create (D:\helpdesk-system\frontend\node_modules\tapable\  lib\HookCodeFactory.js:31:10), <anonymous>:9:1)
      at D:\helpdesk-system\frontend\node_modules\webpack\lib\NormalModuleFactor  y.js:622:22
      at D:\helpdesk-system\frontend\node_modules\webpack\lib\NormalModuleFactor  y.js:185:10
      at D:\helpdesk-system\frontend\node_modules\webpack\lib\NormalModuleFactor  y.js:894:25
      at D:\helpdesk-system\frontend\node_modules\webpack\lib\NormalModuleFactor  y.js:1126:8
      at D:\helpdesk-system\frontend\node_modules\webpack\lib\NormalModuleFactor  y.js:1255:5
      at D:\helpdesk-system\frontend\node_modules\neo-async\async.js:6883:13
      at D:\helpdesk-system\frontend\node_modules\webpack\lib\NormalModuleFactor  y.js:1238:45
      at finishWithoutResolve (D:\helpdesk-system\frontend\node_modules\enhanced  -resolve\lib\Resolver.js:590:11)
      at D:\helpdesk-system\frontend\node_modules\enhanced-resolve\lib\Resolver.  js:679:14
      at D:\helpdesk-system\frontend\node_modules\enhanced-resolve\lib\Resolver.  js:740:5
      at eval (eval at create (D:\helpdesk-system\frontend\node_modules\tapable\  lib\HookCodeFactory.js:31:10), <anonymous>:16:1)
      at D:\helpdesk-system\frontend\node_modules\enhanced-resolve\lib\Resolver.  js:740:5
      at eval (eval at create (D:\helpdesk-system\frontend\node_modules\tapable\  lib\HookCodeFactory.js:31:10), <anonymous>:27:1)
      at D:\helpdesk-system\frontend\node_modules\enhanced-resolve\lib\Descripti  onFilePlugin.js:89:43
      at D:\helpdesk-system\frontend\node_modules\enhanced-resolve\lib\Resolver.  js:740:5
      at eval (eval at create (D:\helpdesk-system\frontend\node_modules\tapable\  lib\HookCodeFactory.js:31:10), <anonymous>:15:1)
      at D:\helpdesk-system\frontend\node_modules\enhanced-resolve\lib\Resolver.  js:740:5
      at eval (eval at create (D:\helpdesk-system\frontend\node_modules\tapable\  lib\HookCodeFactory.js:31:10), <anonymous>:16:1)
      at D:\helpdesk-system\frontend\node_modules\enhanced-resolve\lib\Resolver.  js:740:5
      at eval (eval at create (D:\helpdesk-system\frontend\node_modules\tapable\  lib\HookCodeFactory.js:31:10), <anonymous>:16:1)
      at D:\helpdesk-system\frontend\node_modules\enhanced-resolve\lib\Resolver.  js:740:5
      at eval (eval at create (D:\helpdesk-system\frontend\node_modules\tapable\  lib\HookCodeFactory.js:31:10), <anonymous>:27:1)
      at D:\helpdesk-system\frontend\node_modules\enhanced-resolve\lib\Descripti  onFilePlugin.js:89:43
      at D:\helpdesk-system\frontend\node_modules\enhanced-resolve\lib\Resolver.  js:740:5
      at eval (eval at create (D:\helpdesk-system\frontend\node_modules\tapable\  lib\HookCodeFactory.js:31:10), <anonymous>:16:1)
      at D:\helpdesk-system\frontend\node_modules\enhanced-resolve\lib\Resolver.  js:740:5
      at eval (eval at create (D:\helpdesk-system\frontend\node_modules\tapable\  lib\HookCodeFactory.js:31:10), <anonymous>:15:1)
      at D:\helpdesk-system\frontend\node_modules\enhanced-resolve\lib\Directory  ExistsPlugin.js:43:15
      at process.processTicksAndRejections (node:internal/process/task_queues:81  :21)
  
  - Compilation.js:2073 
    [frontend]/[webpack]/lib/Compilation.js:2073:28
  
  - NormalModuleFactory.js:1041 
    [frontend]/[webpack]/lib/NormalModuleFactory.js:1041:13
  
  
  - NormalModuleFactory.js:437 
    [frontend]/[webpack]/lib/NormalModuleFactory.js:437:22
  
  
  - NormalModuleFactory.js:622 
    [frontend]/[webpack]/lib/NormalModuleFactory.js:622:22
  
  - NormalModuleFactory.js:185 
    [frontend]/[webpack]/lib/NormalModuleFactory.js:185:10
  
  - NormalModuleFactory.js:894 
    [frontend]/[webpack]/lib/NormalModuleFactory.js:894:25
  
  - NormalModuleFactory.js:1126 
    [frontend]/[webpack]/lib/NormalModuleFactory.js:1126:8
  
  - NormalModuleFactory.js:1255 
    [frontend]/[webpack]/lib/NormalModuleFactory.js:1255:5
  
  - async.js:6883 
    [frontend]/[neo-async]/async.js:6883:13
  
  - NormalModuleFactory.js:1238 
    [frontend]/[webpack]/lib/NormalModuleFactory.js:1238:45
  
  - Resolver.js:590 finishWithoutResolve
    [frontend]/[enhanced-resolve]/lib/Resolver.js:590:11
  
  - Resolver.js:679 
    [frontend]/[enhanced-resolve]/lib/Resolver.js:679:14
  
  - Resolver.js:740 
    [frontend]/[enhanced-resolve]/lib/Resolver.js:740:5
  
  
  - Resolver.js:740 
    [frontend]/[enhanced-resolve]/lib/Resolver.js:740:5
  
  
  - DescriptionFilePlugin.js:89 
    [frontend]/[enhanced-resolve]/lib/DescriptionFilePlugin.js:89:43
  
  - Resolver.js:740 
    [frontend]/[enhanced-resolve]/lib/Resolver.js:740:5
  
  
  - Resolver.js:740 
    [frontend]/[enhanced-resolve]/lib/Resolver.js:740:5
  
  
  - Resolver.js:740 
    [frontend]/[enhanced-resolve]/lib/Resolver.js:740:5
  
  
  - Resolver.js:740 
    [frontend]/[enhanced-resolve]/lib/Resolver.js:740:5
  
  
  - DescriptionFilePlugin.js:89 
    [frontend]/[enhanced-resolve]/lib/DescriptionFilePlugin.js:89:43
  
  - Resolver.js:740 
    [frontend]/[enhanced-resolve]/lib/Resolver.js:740:5
  
  
  - Resolver.js:740 
    [frontend]/[enhanced-resolve]/lib/Resolver.js:740:5
  
  
  - DirectoryExistsPlugin.js:43 
    [frontend]/[enhanced-resolve]/lib/DirectoryExistsPlugin.js:43:15
  
  - task_queues:81 process.processTicksAndRejections
    node:internal/process/task_queues:81:21
  
  - child-compiler.js:211 
    [frontend]/[html-webpack-plugin]/lib/child-compiler.js:211:18
  
  - Compiler.js:648 finalCallback
    [frontend]/[webpack]/lib/Compiler.js:648:5
  
  - Compiler.js:684 
    [frontend]/[webpack]/lib/Compiler.js:684:11
  
  - Compiler.js:1379 
    [frontend]/[webpack]/lib/Compiler.js:1379:17
  
  
  - Hook.js:21 Hook.CALL_ASYNC_DELEGATE [as _callAsync]
    [frontend]/[tapable]/lib/Hook.js:21:14
  
  - Compiler.js:1375 
    [frontend]/[webpack]/lib/Compiler.js:1375:33
  
  - Compilation.js:3183 finalCallback
    [frontend]/[webpack]/lib/Compilation.js:3183:11
  
  - Compilation.js:3521 
    [frontend]/[webpack]/lib/Compilation.js:3521:11
  
  
  - Hook.js:21 Hook.CALL_ASYNC_DELEGATE [as _callAsync]
    [frontend]/[tapable]/lib/Hook.js:21:14
  
  - Compilation.js:3514 
    [frontend]/[webpack]/lib/Compilation.js:3514:38
  
  
  - Compilation.js:653 
    [frontend]/[webpack]/lib/Compilation.js:653:11
  
  - SourceMapDevToolPlugin.js:635 
    [frontend]/[webpack]/lib/SourceMapDevToolPlugin.js:635:10
  
  - async.js:2830 
    [frontend]/[neo-async]/async.js:2830:7
  
  - async.js:2857 Object.each
    [frontend]/[neo-async]/async.js:2857:9
  
[39m[22m

webpack compiled with [1m[31m5 errors[39m[22m
Failed to compile.

Module not found: Error: Can't resolve 'D:\helpdesk-system\frontend\node_modules\@pmmmwh\react-refresh-webpack-plugin\client\ReactRefreshEntry.js' in 'D:\helpdesk-system\frontend'
[1m[31mERROR[39m[22m in [1mModule [1m[31mnot found[39m[22m[1m: [1m[31mError[39m[22m[1m: Can't resolve 'D:\helpdesk-system\frontend\node_modules\@pmmmwh\react-refresh-webpack-plugin\client\ReactRefreshEntry.js' in 'D:\helpdesk-system\frontend'[39m[22m

[1m[31mERROR[39m[22m in [1mModule [1m[31mnot found[39m[22m[1m: [1m[31mError[39m[22m[1m: Can't resolve 'D:\helpdesk-system\frontend\node_modules\webpack-dev-server\client\index.js?protocol=ws%3A&hostname=0.0.0.0&port=3000&pathname=%2Fws&logging=none&overlay=%7B%22errors%22%3Atrue%2C%22warnings%22%3Afalse%7D&reconnect=10&hot=true&live-reload=true' in 'D:\helpdesk-system\frontend'[39m[22m

[1m[31mERROR[39m[22m in [1mModule [1m[31mnot found[39m[22m[1m: [1m[31mError[39m[22m[1m: Can't resolve 'D:\helpdesk-system\frontend\node_modules\webpack\hot\dev-server.js' in 'D:\helpdesk-system\frontend'[39m[22m

[1m[31mERROR[39m[22m in [1m[32mmain[39m[22m
[1mModule [1m[31mnot found[39m[22m[1m: [1m[31mError[39m[22m[1m: Can't resolve 'D:\helpdesk-system\frontend\src\index.js' in 'D:\helpdesk-system\frontend'[39m[22m

[1m[31mERROR[39m[22m in [1m  [1m[31mError[39m[22m[1m: Child compilation [1m[31mfailed[39m[22m[1m:
  Module [1m[31mnot found[39m[22m[1m: [1m[31mError[39m[22m[1m: Can't resolve 'D:\helpdesk-system\frontend\public\ind  ex.html' in 'D:\helpdesk-system\frontend'
  ModuleNotFoundError: Module [1m[31mnot found[39m[22m[1m: [1m[31mError[39m[22m[1m: Can't resolve 'D:\helpdesk-syste  m\frontend\public\index.html' in 'D:\helpdesk-system\frontend'
      at D:\helpdesk-system\frontend\node_modules\webpack\lib\Compilation.js:207  3:28
      at D:\helpdesk-system\frontend\node_modules\webpack\lib\NormalModuleFactor  y.js:1041:13
      at eval (eval at create (D:\helpdesk-system\frontend\node_modules\tapable\  lib\HookCodeFactory.js:31:10), <anonymous>:10:1)
      at D:\helpdesk-system\frontend\node_modules\webpack\lib\NormalModuleFactor  y.js:437:22
      at eval (eval at create (D:\helpdesk-system\frontend\node_modules\tapable\  lib\HookCodeFactory.js:31:10), <anonymous>:9:1)
      at D:\helpdesk-system\frontend\node_modules\webpack\lib\NormalModuleFactor  y.js:622:22
      at D:\helpdesk-system\frontend\node_modules\webpack\lib\NormalModuleFactor  y.js:185:10
      at D:\helpdesk-system\frontend\node_modules\webpack\lib\NormalModuleFactor  y.js:894:25
      at D:\helpdesk-system\frontend\node_modules\webpack\lib\NormalModuleFactor  y.js:1126:8
      at D:\helpdesk-system\frontend\node_modules\webpack\lib\NormalModuleFactor  y.js:1255:5
      at D:\helpdesk-system\frontend\node_modules\neo-async\async.js:6883:13
      at D:\helpdesk-system\frontend\node_modules\webpack\lib\NormalModuleFactor  y.js:1238:45
      at finishWithoutResolve (D:\helpdesk-system\frontend\node_modules\enhanced  -resolve\lib\Resolver.js:590:11)
      at D:\helpdesk-system\frontend\node_modules\enhanced-resolve\lib\Resolver.  js:679:14
      at D:\helpdesk-system\frontend\node_modules\enhanced-resolve\lib\Resolver.  js:740:5
      at eval (eval at create (D:\helpdesk-system\frontend\node_modules\tapable\  lib\HookCodeFactory.js:31:10), <anonymous>:16:1)
      at D:\helpdesk-system\frontend\node_modules\enhanced-resolve\lib\Resolver.  js:740:5
      at eval (eval at create (D:\helpdesk-system\frontend\node_modules\tapable\  lib\HookCodeFactory.js:31:10), <anonymous>:27:1)
      at D:\helpdesk-system\frontend\node_modules\enhanced-resolve\lib\Descripti  onFilePlugin.js:89:43
      at D:\helpdesk-system\frontend\node_modules\enhanced-resolve\lib\Resolver.  js:740:5
      at eval (eval at create (D:\helpdesk-system\frontend\node_modules\tapable\  lib\HookCodeFactory.js:31:10), <anonymous>:15:1)
      at D:\helpdesk-system\frontend\node_modules\enhanced-resolve\lib\Resolver.  js:740:5
      at eval (eval at create (D:\helpdesk-system\frontend\node_modules\tapable\  lib\HookCodeFactory.js:31:10), <anonymous>:16:1)
      at D:\helpdesk-system\frontend\node_modules\enhanced-resolve\lib\Resolver.  js:740:5
      at eval (eval at create (D:\helpdesk-system\frontend\node_modules\tapable\  lib\HookCodeFactory.js:31:10), <anonymous>:16:1)
      at D:\helpdesk-system\frontend\node_modules\enhanced-resolve\lib\Resolver.  js:740:5
      at eval (eval at create (D:\helpdesk-system\frontend\node_modules\tapable\  lib\HookCodeFactory.js:31:10), <anonymous>:27:1)
      at D:\helpdesk-system\frontend\node_modules\enhanced-resolve\lib\Descripti  onFilePlugin.js:89:43
      at D:\helpdesk-system\frontend\node_modules\enhanced-resolve\lib\Resolver.  js:740:5
      at eval (eval at create (D:\helpdesk-system\frontend\node_modules\tapable\  lib\HookCodeFactory.js:31:10), <anonymous>:16:1)
      at D:\helpdesk-system\frontend\node_modules\enhanced-resolve\lib\Resolver.  js:740:5
      at eval (eval at create (D:\helpdesk-system\frontend\node_modules\tapable\  lib\HookCodeFactory.js:31:10), <anonymous>:15:1)
      at D:\helpdesk-system\frontend\node_modules\enhanced-resolve\lib\Directory  ExistsPlugin.js:43:15
      at process.processTicksAndRejections (node:internal/process/task_queues:81  :21)
  
  - Compilation.js:2073 
    [frontend]/[webpack]/lib/Compilation.js:2073:28
  
  - NormalModuleFactory.js:1041 
    [frontend]/[webpack]/lib/NormalModuleFactory.js:1041:13
  
  
  - NormalModuleFactory.js:437 
    [frontend]/[webpack]/lib/NormalModuleFactory.js:437:22
  
  
  - NormalModuleFactory.js:622 
    [frontend]/[webpack]/lib/NormalModuleFactory.js:622:22
  
  - NormalModuleFactory.js:185 
    [frontend]/[webpack]/lib/NormalModuleFactory.js:185:10
  
  - NormalModuleFactory.js:894 
    [frontend]/[webpack]/lib/NormalModuleFactory.js:894:25
  
  - NormalModuleFactory.js:1126 
    [frontend]/[webpack]/lib/NormalModuleFactory.js:1126:8
  
  - NormalModuleFactory.js:1255 
    [frontend]/[webpack]/lib/NormalModuleFactory.js:1255:5
  
  - async.js:6883 
    [frontend]/[neo-async]/async.js:6883:13
  
  - NormalModuleFactory.js:1238 
    [frontend]/[webpack]/lib/NormalModuleFactory.js:1238:45
  
  - Resolver.js:590 finishWithoutResolve
    [frontend]/[enhanced-resolve]/lib/Resolver.js:590:11
  
  - Resolver.js:679 
    [frontend]/[enhanced-resolve]/lib/Resolver.js:679:14
  
  - Resolver.js:740 
    [frontend]/[enhanced-resolve]/lib/Resolver.js:740:5
  
  
  - Resolver.js:740 
    [frontend]/[enhanced-resolve]/lib/Resolver.js:740:5
  
  
  - DescriptionFilePlugin.js:89 
    [frontend]/[enhanced-resolve]/lib/DescriptionFilePlugin.js:89:43
  
  - Resolver.js:740 
    [frontend]/[enhanced-resolve]/lib/Resolver.js:740:5
  
  
  - Resolver.js:740 
    [frontend]/[enhanced-resolve]/lib/Resolver.js:740:5
  
  
  - Resolver.js:740 
    [frontend]/[enhanced-resolve]/lib/Resolver.js:740:5
  
  
  - Resolver.js:740 
    [frontend]/[enhanced-resolve]/lib/Resolver.js:740:5
  
  
  - DescriptionFilePlugin.js:89 
    [frontend]/[enhanced-resolve]/lib/DescriptionFilePlugin.js:89:43
  
  - Resolver.js:740 
    [frontend]/[enhanced-resolve]/lib/Resolver.js:740:5
  
  
  - Resolver.js:740 
    [frontend]/[enhanced-resolve]/lib/Resolver.js:740:5
  
  
  - DirectoryExistsPlugin.js:43 
    [frontend]/[enhanced-resolve]/lib/DirectoryExistsPlugin.js:43:15
  
  - task_queues:81 process.processTicksAndRejections
    node:internal/process/task_queues:81:21
  
  - child-compiler.js:211 
    [frontend]/[html-webpack-plugin]/lib/child-compiler.js:211:18
  
  - Compiler.js:648 finalCallback
    [frontend]/[webpack]/lib/Compiler.js:648:5
  
  - Compiler.js:684 
    [frontend]/[webpack]/lib/Compiler.js:684:11
  
  - Compiler.js:1379 
    [frontend]/[webpack]/lib/Compiler.js:1379:17
  
  
  - Hook.js:21 Hook.CALL_ASYNC_DELEGATE [as _callAsync]
    [frontend]/[tapable]/lib/Hook.js:21:14
  
  - Compiler.js:1375 
    [frontend]/[webpack]/lib/Compiler.js:1375:33
  
  - Compilation.js:3183 finalCallback
    [frontend]/[webpack]/lib/Compilation.js:3183:11
  
  - Compilation.js:3521 
    [frontend]/[webpack]/lib/Compilation.js:3521:11
  
  
  - Hook.js:21 Hook.CALL_ASYNC_DELEGATE [as _callAsync]
    [frontend]/[tapable]/lib/Hook.js:21:14
  
  - Compilation.js:3514 
    [frontend]/[webpack]/lib/Compilation.js:3514:38
  
  
  - Compilation.js:653 
    [frontend]/[webpack]/lib/Compilation.js:653:11
  
  - SourceMapDevToolPlugin.js:635 
    [frontend]/[webpack]/lib/SourceMapDevToolPlugin.js:635:10
  
  - async.js:2830 
    [frontend]/[neo-async]/async.js:2830:7
  
  - async.js:2857 Object.each
    [frontend]/[neo-async]/async.js:2857:9
  
[39m[22m

webpack compiled with [1m[31m5 errors[39m[22m
Proxy error: Could not proxy request /favicon.ico from localhost:3000 to http://localhost:8081/.
See https://nodejs.org/api/errors.html#errors_common_system_errors for more information (ECONNREFUSED).

Compiling...
Failed to compile.

Module not found: Error: Can't resolve 'D:\helpdesk-system\frontend\node_modules\@pmmmwh\react-refresh-webpack-plugin\client\ReactRefreshEntry.js' in 'D:\helpdesk-system\frontend'
[1m[31mERROR[39m[22m in [1mModule [1m[31mnot found[39m[22m[1m: [1m[31mError[39m[22m[1m: Can't resolve 'D:\helpdesk-system\frontend\node_modules\@pmmmwh\react-refresh-webpack-plugin\client\ReactRefreshEntry.js' in 'D:\helpdesk-system\frontend'[39m[22m

[1m[31mERROR[39m[22m in [1m[32mmain[39m[22m
[1mModule [1m[31mnot found[39m[22m[1m: [1m[31mError[39m[22m[1m: Can't resolve 'D:\helpdesk-system\frontend\node_modules\source-map-loader\dist\cjs.js' in 'D:\helpdesk-system\frontend'[39m[22m

[1m[31mERROR[39m[22m in [1mModule [1m[31mnot found[39m[22m[1m: [1m[31mError[39m[22m[1m: Can't resolve 'D:\helpdesk-system\frontend\node_modules\webpack-dev-server\client\index.js?protocol=ws%3A&hostname=0.0.0.0&port=3000&pathname=%2Fws&logging=none&overlay=%7B%22errors%22%3Atrue%2C%22warnings%22%3Afalse%7D&reconnect=10&hot=true&live-reload=true' in 'D:\helpdesk-system\frontend'[39m[22m

[1m[31mERROR[39m[22m in [1mModule [1m[31mnot found[39m[22m[1m: [1m[31mError[39m[22m[1m: Can't resolve 'D:\helpdesk-system\frontend\node_modules\webpack\hot\dev-server.js' in 'D:\helpdesk-system\frontend'[39m[22m

[1m[31mERROR[39m[22m in [1m  [1m[31mError[39m[22m[1m: Child compilation [1m[31mfailed[39m[22m[1m:
  Module [1m[31mnot found[39m[22m[1m: [1m[31mError[39m[22m[1m: Can't resolve 'D:\helpdesk-system\frontend\node_modul  es\html-webpack-plugin\lib\loader.js' in 'D:\helpdesk-system\frontend'
  ModuleNotFoundError: Module [1m[31mnot found[39m[22m[1m: [1m[31mError[39m[22m[1m: Can't resolve 'D:\helpdesk-syste  m\frontend\node_modules\html-webpack-plugin\lib\loader.js' in 'D:\helpdesk-sys  tem\frontend'
      at D:\helpdesk-system\frontend\node_modules\webpack\lib\Compilation.js:207  3:28
      at D:\helpdesk-system\frontend\node_modules\webpack\lib\NormalModuleFactor  y.js:1041:13
      at eval (eval at create (D:\helpdesk-system\frontend\node_modules\tapable\  lib\HookCodeFactory.js:31:10), <anonymous>:10:1)
      at D:\helpdesk-system\frontend\node_modules\webpack\lib\NormalModuleFactor  y.js:437:22
      at eval (eval at create (D:\helpdesk-system\frontend\node_modules\tapable\  lib\HookCodeFactory.js:31:10), <anonymous>:9:1)
      at D:\helpdesk-system\frontend\node_modules\webpack\lib\NormalModuleFactor  y.js:622:22
      at D:\helpdesk-system\frontend\node_modules\webpack\lib\NormalModuleFactor  y.js:181:10
      at D:\helpdesk-system\frontend\node_modules\webpack\lib\NormalModuleFactor  y.js:856:23
      at D:\helpdesk-system\frontend\node_modules\webpack\lib\NormalModuleFactor  y.js:1351:5
      at D:\helpdesk-system\frontend\node_modules\neo-async\async.js:2830:7
      at done (D:\helpdesk-system\frontend\node_modules\neo-async\async.js:2925:  13)
      at D:\helpdesk-system\frontend\node_modules\webpack\lib\NormalModuleFactor  y.js:1310:10
      at finishWithoutResolve (D:\helpdesk-system\frontend\node_modules\enhanced  -resolve\lib\Resolver.js:590:11)
      at D:\helpdesk-system\frontend\node_modules\enhanced-resolve\lib\Resolver.  js:679:14
      at D:\helpdesk-system\frontend\node_modules\enhanced-resolve\lib\Resolver.  js:740:5
      at eval (eval at create (D:\helpdesk-system\frontend\node_modules\tapable\  lib\HookCodeFactory.js:31:10), <anonymous>:16:1)
      at D:\helpdesk-system\frontend\node_modules\enhanced-resolve\lib\Resolver.  js:740:5
      at eval (eval at create (D:\helpdesk-system\frontend\node_modules\tapable\  lib\HookCodeFactory.js:31:10), <anonymous>:27:1)
      at D:\helpdesk-system\frontend\node_modules\enhanced-resolve\lib\Descripti  onFilePlugin.js:89:43
      at D:\helpdesk-system\frontend\node_modules\enhanced-resolve\lib\Resolver.  js:740:5
      at eval (eval at create (D:\helpdesk-system\frontend\node_modules\tapable\  lib\HookCodeFactory.js:31:10), <anonymous>:15:1)
      at D:\helpdesk-system\frontend\node_modules\enhanced-resolve\lib\Resolver.  js:740:5
      at eval (eval at create (D:\helpdesk-system\frontend\node_modules\tapable\  lib\HookCodeFactory.js:31:10), <anonymous>:15:1)
      at D:\helpdesk-system\frontend\node_modules\enhanced-resolve\lib\Resolver.  js:740:5
      at eval (eval at create (D:\helpdesk-system\frontend\node_modules\tapable\  lib\HookCodeFactory.js:31:10), <anonymous>:16:1)
      at D:\helpdesk-system\frontend\node_modules\enhanced-resolve\lib\Resolver.  js:740:5
      at eval (eval at create (D:\helpdesk-system\frontend\node_modules\tapable\  lib\HookCodeFactory.js:31:10), <anonymous>:27:1)
      at D:\helpdesk-system\frontend\node_modules\enhanced-resolve\lib\Descripti  onFilePlugin.js:89:43
      at D:\helpdesk-system\frontend\node_modules\enhanced-resolve\lib\Resolver.  js:740:5
      at eval (eval at create (D:\helpdesk-system\frontend\node_modules\tapable\  lib\HookCodeFactory.js:31:10), <anonymous>:16:1)
      at D:\helpdesk-system\frontend\node_modules\enhanced-resolve\lib\Resolver.  js:740:5
      at eval (eval at create (D:\helpdesk-system\frontend\node_modules\tapable\  lib\HookCodeFactory.js:31:10), <anonymous>:15:1)
      at D:\helpdesk-system\frontend\node_modules\enhanced-resolve\lib\Directory  ExistsPlugin.js:43:15
      at process.processTicksAndRejections (node:internal/process/task_queues:81  :21)
  
  - Compilation.js:2073 
    [frontend]/[webpack]/lib/Compilation.js:2073:28
  
  - NormalModuleFactory.js:1041 
    [frontend]/[webpack]/lib/NormalModuleFactory.js:1041:13
  
  
  - NormalModuleFactory.js:437 
    [frontend]/[webpack]/lib/NormalModuleFactory.js:437:22
  
  
  - NormalModuleFactory.js:622 
    [frontend]/[webpack]/lib/NormalModuleFactory.js:622:22
  
  - NormalModuleFactory.js:181 
    [frontend]/[webpack]/lib/NormalModuleFactory.js:181:10
  
  - NormalModuleFactory.js:856 
    [frontend]/[webpack]/lib/NormalModuleFactory.js:856:23
  
  - NormalModuleFactory.js:1351 
    [frontend]/[webpack]/lib/NormalModuleFactory.js:1351:5
  
  - async.js:2830 
    [frontend]/[neo-async]/async.js:2830:7
  
  - async.js:2925 done
    [frontend]/[neo-async]/async.js:2925:13
  
  - NormalModuleFactory.js:1310 
    [frontend]/[webpack]/lib/NormalModuleFactory.js:1310:10
  
  - Resolver.js:590 finishWithoutResolve
    [frontend]/[enhanced-resolve]/lib/Resolver.js:590:11
  
  - Resolver.js:679 
    [frontend]/[enhanced-resolve]/lib/Resolver.js:679:14
  
  - Resolver.js:740 
    [frontend]/[enhanced-resolve]/lib/Resolver.js:740:5
  
  
  - Resolver.js:740 
    [frontend]/[enhanced-resolve]/lib/Resolver.js:740:5
  
  
  - DescriptionFilePlugin.js:89 
    [frontend]/[enhanced-resolve]/lib/DescriptionFilePlugin.js:89:43
  
  - Resolver.js:740 
    [frontend]/[enhanced-resolve]/lib/Resolver.js:740:5
  
  
  - Resolver.js:740 
    [frontend]/[enhanced-resolve]/lib/Resolver.js:740:5
  
  
  - Resolver.js:740 
    [frontend]/[enhanced-resolve]/lib/Resolver.js:740:5
  
  
  - Resolver.js:740 
    [frontend]/[enhanced-resolve]/lib/Resolver.js:740:5
  
  
  - DescriptionFilePlugin.js:89 
    [frontend]/[enhanced-resolve]/lib/DescriptionFilePlugin.js:89:43
  
  - Resolver.js:740 
    [frontend]/[enhanced-resolve]/lib/Resolver.js:740:5
  
  
  - Resolver.js:740 
    [frontend]/[enhanced-resolve]/lib/Resolver.js:740:5
  
  
  - DirectoryExistsPlugin.js:43 
    [frontend]/[enhanced-resolve]/lib/DirectoryExistsPlugin.js:43:15
  
  - task_queues:81 process.processTicksAndRejections
    node:internal/process/task_queues:81:21
  
  - child-compiler.js:211 
    [frontend]/[html-webpack-plugin]/lib/child-compiler.js:211:18
  
  - Compiler.js:648 finalCallback
    [frontend]/[webpack]/lib/Compiler.js:648:5
  
  - Compiler.js:684 
    [frontend]/[webpack]/lib/Compiler.js:684:11
  
  - Compiler.js:1379 
    [frontend]/[webpack]/lib/Compiler.js:1379:17
  
  
  - Hook.js:21 Hook.CALL_ASYNC_DELEGATE [as _callAsync]
    [frontend]/[tapable]/lib/Hook.js:21:14
  
  - Compiler.js:1375 
    [frontend]/[webpack]/lib/Compiler.js:1375:33
  
  - Compilation.js:3183 finalCallback
    [frontend]/[webpack]/lib/Compilation.js:3183:11
  
  - Compilation.js:3521 
    [frontend]/[webpack]/lib/Compilation.js:3521:11
  
  
  - Hook.js:21 Hook.CALL_ASYNC_DELEGATE [as _callAsync]
    [frontend]/[tapable]/lib/Hook.js:21:14
  
  - Compilation.js:3514 
    [frontend]/[webpack]/lib/Compilation.js:3514:38
  
  
  - Compilation.js:653 
    [frontend]/[webpack]/lib/Compilation.js:653:11
  
  - SourceMapDevToolPlugin.js:635 
    [frontend]/[webpack]/lib/SourceMapDevToolPlugin.js:635:10
  
  - async.js:2830 
    [frontend]/[neo-async]/async.js:2830:7
  
  - async.js:2857 Object.each
    [frontend]/[neo-async]/async.js:2857:9
  
[39m[22m

[1m[31m1 ERROR in child compilations (Use 'stats.children: true' resp. '--stats-children' for more details)[39m[22m
webpack compiled with [1m[31m6 errors[39m[22m
Compiling...
Failed to compile.

Module not found: Error: Can't resolve 'D:\helpdesk-system\frontend\node_modules\@pmmmwh\react-refresh-webpack-plugin\client\ReactRefreshEntry.js' in 'D:\helpdesk-system\frontend'
[1m[31mERROR[39m[22m in [1mModule [1m[31mnot found[39m[22m[1m: [1m[31mError[39m[22m[1m: Can't resolve 'D:\helpdesk-system\frontend\node_modules\@pmmmwh\react-refresh-webpack-plugin\client\ReactRefreshEntry.js' in 'D:\helpdesk-system\frontend'[39m[22m

[1m[31mERROR[39m[22m in [1m[32mmain[39m[22m
[1mModule [1m[31mnot found[39m[22m[1m: [1m[31mError[39m[22m[1m: Can't resolve 'D:\helpdesk-system\frontend\node_modules\babel-loader\lib\index.js' in 'D:\helpdesk-system\frontend'[39m[22m

[1m[31mERROR[39m[22m in [1mModule [1m[31mnot found[39m[22m[1m: [1m[31mError[39m[22m[1m: Can't resolve 'D:\helpdesk-system\frontend\node_modules\webpack-dev-server\client\index.js?protocol=ws%3A&hostname=0.0.0.0&port=3000&pathname=%2Fws&logging=none&overlay=%7B%22errors%22%3Atrue%2C%22warnings%22%3Afalse%7D&reconnect=10&hot=true&live-reload=true' in 'D:\helpdesk-system\frontend'[39m[22m

[1m[31mERROR[39m[22m in [1mModule [1m[31mnot found[39m[22m[1m: [1m[31mError[39m[22m[1m: Can't resolve 'D:\helpdesk-system\frontend\node_modules\webpack\hot\dev-server.js' in 'D:\helpdesk-system\frontend'[39m[22m

[1m[31mERROR[39m[22m in [1m  [1m[31mError[39m[22m[1m: Child compilation [1m[31mfailed[39m[22m[1m:
  Module [1m[31mnot found[39m[22m[1m: [1m[31mError[39m[22m[1m: Can't resolve 'D:\helpdesk-system\frontend\node_modul  es\html-webpack-plugin\lib\loader.js' in 'D:\helpdesk-system\frontend'
  ModuleNotFoundError: Module [1m[31mnot found[39m[22m[1m: [1m[31mError[39m[22m[1m: Can't resolve 'D:\helpdesk-syste  m\frontend\node_modules\html-webpack-plugin\lib\loader.js' in 'D:\helpdesk-sys  tem\frontend'
      at D:\helpdesk-system\frontend\node_modules\webpack\lib\Compilation.js:207  3:28
      at D:\helpdesk-system\frontend\node_modules\webpack\lib\NormalModuleFactor  y.js:1041:13
      at eval (eval at create (D:\helpdesk-system\frontend\node_modules\tapable\  lib\HookCodeFactory.js:31:10), <anonymous>:10:1)
      at D:\helpdesk-system\frontend\node_modules\webpack\lib\NormalModuleFactor  y.js:437:22
      at eval (eval at create (D:\helpdesk-system\frontend\node_modules\tapable\  lib\HookCodeFactory.js:31:10), <anonymous>:9:1)
      at D:\helpdesk-system\frontend\node_modules\webpack\lib\NormalModuleFactor  y.js:622:22
      at D:\helpdesk-system\frontend\node_modules\webpack\lib\NormalModuleFactor  y.js:185:10
      at D:\helpdesk-system\frontend\node_modules\webpack\lib\NormalModuleFactor  y.js:856:23
      at D:\helpdesk-system\frontend\node_modules\webpack\lib\NormalModuleFactor  y.js:1351:5
      at D:\helpdesk-system\frontend\node_modules\neo-async\async.js:2830:7
      at done (D:\helpdesk-system\frontend\node_modules\neo-async\async.js:2925:  13)
      at D:\helpdesk-system\frontend\node_modules\webpack\lib\NormalModuleFactor  y.js:1310:10
      at finishWithoutResolve (D:\helpdesk-system\frontend\node_modules\enhanced  -resolve\lib\Resolver.js:590:11)
      at D:\helpdesk-system\frontend\node_modules\enhanced-resolve\lib\Resolver.  js:679:14
      at D:\helpdesk-system\frontend\node_modules\enhanced-resolve\lib\Resolver.  js:740:5
      at eval (eval at create (D:\helpdesk-system\frontend\node_modules\tapable\  lib\HookCodeFactory.js:31:10), <anonymous>:16:1)
      at D:\helpdesk-system\frontend\node_modules\enhanced-resolve\lib\Resolver.  js:740:5
      at eval (eval at create (D:\helpdesk-system\frontend\node_modules\tapable\  lib\HookCodeFactory.js:31:10), <anonymous>:27:1)
      at D:\helpdesk-system\frontend\node_modules\enhanced-resolve\lib\Descripti  onFilePlugin.js:89:43
      at D:\helpdesk-system\frontend\node_modules\enhanced-resolve\lib\Resolver.  js:740:5
      at eval (eval at create (D:\helpdesk-system\frontend\node_modules\tapable\  lib\HookCodeFactory.js:31:10), <anonymous>:15:1)
      at D:\helpdesk-system\frontend\node_modules\enhanced-resolve\lib\Resolver.  js:740:5
      at eval (eval at create (D:\helpdesk-system\frontend\node_modules\tapable\  lib\HookCodeFactory.js:31:10), <anonymous>:15:1)
      at D:\helpdesk-system\frontend\node_modules\enhanced-resolve\lib\Resolver.  js:740:5
      at eval (eval at create (D:\helpdesk-system\frontend\node_modules\tapable\  lib\HookCodeFactory.js:31:10), <anonymous>:16:1)
      at D:\helpdesk-system\frontend\node_modules\enhanced-resolve\lib\Resolver.  js:740:5
      at eval (eval at create (D:\helpdesk-system\frontend\node_modules\tapable\  lib\HookCodeFactory.js:31:10), <anonymous>:27:1)
      at D:\helpdesk-system\frontend\node_modules\enhanced-resolve\lib\Descripti  onFilePlugin.js:89:43
      at D:\helpdesk-system\frontend\node_modules\enhanced-resolve\lib\Resolver.  js:740:5
      at eval (eval at create (D:\helpdesk-system\frontend\node_modules\tapable\  lib\HookCodeFactory.js:31:10), <anonymous>:16:1)
      at D:\helpdesk-system\frontend\node_modules\enhanced-resolve\lib\Resolver.  js:740:5
      at eval (eval at create (D:\helpdesk-system\frontend\node_modules\tapable\  lib\HookCodeFactory.js:31:10), <anonymous>:15:1)
      at D:\helpdesk-system\frontend\node_modules\enhanced-resolve\lib\Directory  ExistsPlugin.js:43:15
      at processTicksAndRejections (node:internal/process/task_queues:81:21)
      at runNextTicks (node:internal/process/task_queues:64:3)
      at process.processImmediate (node:internal/timers:454:9)
  
  - Compilation.js:2073 
    [frontend]/[webpack]/lib/Compilation.js:2073:28
  
  - NormalModuleFactory.js:1041 
    [frontend]/[webpack]/lib/NormalModuleFactory.js:1041:13
  
  
  - NormalModuleFactory.js:437 
    [frontend]/[webpack]/lib/NormalModuleFactory.js:437:22
  
  
  - NormalModuleFactory.js:622 
    [frontend]/[webpack]/lib/NormalModuleFactory.js:622:22
  
  - NormalModuleFactory.js:185 
    [frontend]/[webpack]/lib/NormalModuleFactory.js:185:10
  
  - NormalModuleFactory.js:856 
    [frontend]/[webpack]/lib/NormalModuleFactory.js:856:23
  
  - NormalModuleFactory.js:1351 
    [frontend]/[webpack]/lib/NormalModuleFactory.js:1351:5
  
  - async.js:2830 
    [frontend]/[neo-async]/async.js:2830:7
  
  - async.js:2925 done
    [frontend]/[neo-async]/async.js:2925:13
  
  - NormalModuleFactory.js:1310 
    [frontend]/[webpack]/lib/NormalModuleFactory.js:1310:10
  
  - Resolver.js:590 finishWithoutResolve
    [frontend]/[enhanced-resolve]/lib/Resolver.js:590:11
  
  - Resolver.js:679 
    [frontend]/[enhanced-resolve]/lib/Resolver.js:679:14
  
  - Resolver.js:740 
    [frontend]/[enhanced-resolve]/lib/Resolver.js:740:5
  
  
  - Resolver.js:740 
    [frontend]/[enhanced-resolve]/lib/Resolver.js:740:5
  
  
  - DescriptionFilePlugin.js:89 
    [frontend]/[enhanced-resolve]/lib/DescriptionFilePlugin.js:89:43
  
  - Resolver.js:740 
    [frontend]/[enhanced-resolve]/lib/Resolver.js:740:5
  
  
  - Resolver.js:740 
    [frontend]/[enhanced-resolve]/lib/Resolver.js:740:5
  
  
  - Resolver.js:740 
    [frontend]/[enhanced-resolve]/lib/Resolver.js:740:5
  
  
  - Resolver.js:740 
    [frontend]/[enhanced-resolve]/lib/Resolver.js:740:5
  
  
  - DescriptionFilePlugin.js:89 
    [frontend]/[enhanced-resolve]/lib/DescriptionFilePlugin.js:89:43
  
  - Resolver.js:740 
    [frontend]/[enhanced-resolve]/lib/Resolver.js:740:5
  
  
  - Resolver.js:740 
    [frontend]/[enhanced-resolve]/lib/Resolver.js:740:5
  
  
  - DirectoryExistsPlugin.js:43 
    [frontend]/[enhanced-resolve]/lib/DirectoryExistsPlugin.js:43:15
  
  - task_queues:81 processTicksAndRejections
    node:internal/process/task_queues:81:21
  
  - task_queues:64 runNextTicks
    node:internal/process/task_queues:64:3
  
  - timers:454 process.processImmediate
    node:internal/timers:454:9
  
  - child-compiler.js:211 
    [frontend]/[html-webpack-plugin]/lib/child-compiler.js:211:18
  
  - Compiler.js:648 finalCallback
    [frontend]/[webpack]/lib/Compiler.js:648:5
  
  - Compiler.js:684 
    [frontend]/[webpack]/lib/Compiler.js:684:11
  
  - Compiler.js:1379 
    [frontend]/[webpack]/lib/Compiler.js:1379:17
  
  
  - Hook.js:21 Hook.CALL_ASYNC_DELEGATE [as _callAsync]
    [frontend]/[tapable]/lib/Hook.js:21:14
  
  - Compiler.js:1375 
    [frontend]/[webpack]/lib/Compiler.js:1375:33
  
  - Compilation.js:3183 finalCallback
    [frontend]/[webpack]/lib/Compilation.js:3183:11
  
  - Compilation.js:3521 
    [frontend]/[webpack]/lib/Compilation.js:3521:11
  
  
  - Hook.js:21 Hook.CALL_ASYNC_DELEGATE [as _callAsync]
    [frontend]/[tapable]/lib/Hook.js:21:14
  
  - Compilation.js:3514 
    [frontend]/[webpack]/lib/Compilation.js:3514:38
  
  
  - Compilation.js:653 
    [frontend]/[webpack]/lib/Compilation.js:653:11
  
  - SourceMapDevToolPlugin.js:635 
    [frontend]/[webpack]/lib/SourceMapDevToolPlugin.js:635:10
  
[39m[22m

[1m[31m1 ERROR in child compilations (Use 'stats.children: true' resp. '--stats-children' for more details)[39m[22m
webpack compiled with [1m[31m6 errors[39m[22m
Compiling...
Failed to compile.

Module not found: Error: Can't resolve 'D:\helpdesk-system\frontend\node_modules\@pmmmwh\react-refresh-webpack-plugin\client\ReactRefreshEntry.js' in 'D:\helpdesk-system\frontend'
[1m[31mERROR[39m[22m in [1mModule [1m[31mnot found[39m[22m[1m: [1m[31mError[39m[22m[1m: Can't resolve 'D:\helpdesk-system\frontend\node_modules\@pmmmwh\react-refresh-webpack-plugin\client\ReactRefreshEntry.js' in 'D:\helpdesk-system\frontend'[39m[22m

[1m[31mERROR[39m[22m in [1m[32mmain[39m[22m
[1mModule [1m[31mnot found[39m[22m[1m: [1m[31mError[39m[22m[1m: Can't resolve 'D:\helpdesk-system\frontend\node_modules\babel-loader\lib\index.js' in 'D:\helpdesk-system\frontend'[39m[22m

[1m[31mERROR[39m[22m in [1mModule [1m[31mnot found[39m[22m[1m: [1m[31mError[39m[22m[1m: Can't resolve 'D:\helpdesk-system\frontend\node_modules\webpack-dev-server\client\index.js?protocol=ws%3A&hostname=0.0.0.0&port=3000&pathname=%2Fws&logging=none&overlay=%7B%22errors%22%3Atrue%2C%22warnings%22%3Afalse%7D&reconnect=10&hot=true&live-reload=true' in 'D:\helpdesk-system\frontend'[39m[22m

[1m[31mERROR[39m[22m in [1mModule [1m[31mnot found[39m[22m[1m: [1m[31mError[39m[22m[1m: Can't resolve 'D:\helpdesk-system\frontend\node_modules\webpack\hot\dev-server.js' in 'D:\helpdesk-system\frontend'[39m[22m

[1m[31mERROR[39m[22m in [1m  [1m[31mError[39m[22m[1m: Child compilation [1m[31mfailed[39m[22m[1m:
  Module [1m[31mnot found[39m[22m[1m: [1m[31mError[39m[22m[1m: Can't resolve 'D:\helpdesk-system\frontend\node_modul  es\html-webpack-plugin\lib\loader.js' in 'D:\helpdesk-system\frontend'
  ModuleNotFoundError: Module [1m[31mnot found[39m[22m[1m: [1m[31mError[39m[22m[1m: Can't resolve 'D:\helpdesk-syste  m\frontend\node_modules\html-webpack-plugin\lib\loader.js' in 'D:\helpdesk-sys  tem\frontend'
      at D:\helpdesk-system\frontend\node_modules\webpack\lib\Compilation.js:207  3:28
      at D:\helpdesk-system\frontend\node_modules\webpack\lib\NormalModuleFactor  y.js:1041:13
      at eval (eval at create (D:\helpdesk-system\frontend\node_modules\tapable\  lib\HookCodeFactory.js:31:10), <anonymous>:10:1)
      at D:\helpdesk-system\frontend\node_modules\webpack\lib\NormalModuleFactor  y.js:437:22
      at eval (eval at create (D:\helpdesk-system\frontend\node_modules\tapable\  lib\HookCodeFactory.js:31:10), <anonymous>:9:1)
      at D:\helpdesk-system\frontend\node_modules\webpack\lib\NormalModuleFactor  y.js:622:22
      at D:\helpdesk-system\frontend\node_modules\webpack\lib\NormalModuleFactor  y.js:181:10
      at D:\helpdesk-system\frontend\node_modules\webpack\lib\NormalModuleFactor  y.js:856:23
      at D:\helpdesk-system\frontend\node_modules\webpack\lib\NormalModuleFactor  y.js:1351:5
      at D:\helpdesk-system\frontend\node_modules\neo-async\async.js:2830:7
      at done (D:\helpdesk-system\frontend\node_modules\neo-async\async.js:2925:  13)
      at D:\helpdesk-system\frontend\node_modules\webpack\lib\NormalModuleFactor  y.js:1310:10
      at finishWithoutResolve (D:\helpdesk-system\frontend\node_modules\enhanced  -resolve\lib\Resolver.js:590:11)
      at D:\helpdesk-system\frontend\node_modules\enhanced-resolve\lib\Resolver.  js:679:14
      at D:\helpdesk-system\frontend\node_modules\enhanced-resolve\lib\Resolver.  js:740:5
      at eval (eval at create (D:\helpdesk-system\frontend\node_modules\tapable\  lib\HookCodeFactory.js:31:10), <anonymous>:16:1)
      at D:\helpdesk-system\frontend\node_modules\enhanced-resolve\lib\Resolver.  js:740:5
      at eval (eval at create (D:\helpdesk-system\frontend\node_modules\tapable\  lib\HookCodeFactory.js:31:10), <anonymous>:27:1)
      at D:\helpdesk-system\frontend\node_modules\enhanced-resolve\lib\Descripti  onFilePlugin.js:89:43
      at D:\helpdesk-system\frontend\node_modules\enhanced-resolve\lib\Resolver.  js:740:5
      at eval (eval at create (D:\helpdesk-system\frontend\node_modules\tapable\  lib\HookCodeFactory.js:31:10), <anonymous>:15:1)
      at D:\helpdesk-system\frontend\node_modules\enhanced-resolve\lib\Resolver.  js:740:5
      at eval (eval at create (D:\helpdesk-system\frontend\node_modules\tapable\  lib\HookCodeFactory.js:31:10), <anonymous>:15:1)
      at D:\helpdesk-system\frontend\node_modules\enhanced-resolve\lib\Resolver.  js:740:5
      at eval (eval at create (D:\helpdesk-system\frontend\node_modules\tapable\  lib\HookCodeFactory.js:31:10), <anonymous>:16:1)
      at D:\helpdesk-system\frontend\node_modules\enhanced-resolve\lib\Resolver.  js:740:5
      at eval (eval at create (D:\helpdesk-system\frontend\node_modules\tapable\  lib\HookCodeFactory.js:31:10), <anonymous>:27:1)
      at D:\helpdesk-system\frontend\node_modules\enhanced-resolve\lib\Descripti  onFilePlugin.js:89:43
      at D:\helpdesk-system\frontend\node_modules\enhanced-resolve\lib\Resolver.  js:740:5
      at eval (eval at create (D:\helpdesk-system\frontend\node_modules\tapable\  lib\HookCodeFactory.js:31:10), <anonymous>:16:1)
      at D:\helpdesk-system\frontend\node_modules\enhanced-resolve\lib\Resolver.  js:740:5
      at eval (eval at create (D:\helpdesk-system\frontend\node_modules\tapable\  lib\HookCodeFactory.js:31:10), <anonymous>:15:1)
      at D:\helpdesk-system\frontend\node_modules\enhanced-resolve\lib\Directory  ExistsPlugin.js:43:15
      at process.processTicksAndRejections (node:internal/process/task_queues:81  :21)
  
  - Compilation.js:2073 
    [frontend]/[webpack]/lib/Compilation.js:2073:28
  
  - NormalModuleFactory.js:1041 
    [frontend]/[webpack]/lib/NormalModuleFactory.js:1041:13
  
  
  - NormalModuleFactory.js:437 
    [frontend]/[webpack]/lib/NormalModuleFactory.js:437:22
  
  
  - NormalModuleFactory.js:622 
    [frontend]/[webpack]/lib/NormalModuleFactory.js:622:22
  
  - NormalModuleFactory.js:181 
    [frontend]/[webpack]/lib/NormalModuleFactory.js:181:10
  
  - NormalModuleFactory.js:856 
    [frontend]/[webpack]/lib/NormalModuleFactory.js:856:23
  
  - NormalModuleFactory.js:1351 
    [frontend]/[webpack]/lib/NormalModuleFactory.js:1351:5
  
  - async.js:2830 
    [frontend]/[neo-async]/async.js:2830:7
  
  - async.js:2925 done
    [frontend]/[neo-async]/async.js:2925:13
  
  - NormalModuleFactory.js:1310 
    [frontend]/[webpack]/lib/NormalModuleFactory.js:1310:10
  
  - Resolver.js:590 finishWithoutResolve
    [frontend]/[enhanced-resolve]/lib/Resolver.js:590:11
  
  - Resolver.js:679 
    [frontend]/[enhanced-resolve]/lib/Resolver.js:679:14
  
  - Resolver.js:740 
    [frontend]/[enhanced-resolve]/lib/Resolver.js:740:5
  
  
  - Resolver.js:740 
    [frontend]/[enhanced-resolve]/lib/Resolver.js:740:5
  
  
  - DescriptionFilePlugin.js:89 
    [frontend]/[enhanced-resolve]/lib/DescriptionFilePlugin.js:89:43
  
  - Resolver.js:740 
    [frontend]/[enhanced-resolve]/lib/Resolver.js:740:5
  
  
  - Resolver.js:740 
    [frontend]/[enhanced-resolve]/lib/Resolver.js:740:5
  
  
  - Resolver.js:740 
    [frontend]/[enhanced-resolve]/lib/Resolver.js:740:5
  
  
  - Resolver.js:740 
    [frontend]/[enhanced-resolve]/lib/Resolver.js:740:5
  
  
  - DescriptionFilePlugin.js:89 
    [frontend]/[enhanced-resolve]/lib/DescriptionFilePlugin.js:89:43
  
  - Resolver.js:740 
    [frontend]/[enhanced-resolve]/lib/Resolver.js:740:5
  
  
  - Resolver.js:740 
    [frontend]/[enhanced-resolve]/lib/Resolver.js:740:5
  
  
  - DirectoryExistsPlugin.js:43 
    [frontend]/[enhanced-resolve]/lib/DirectoryExistsPlugin.js:43:15
  
  - task_queues:81 process.processTicksAndRejections
    node:internal/process/task_queues:81:21
  
  - child-compiler.js:211 
    [frontend]/[html-webpack-plugin]/lib/child-compiler.js:211:18
  
  - Compiler.js:648 finalCallback
    [frontend]/[webpack]/lib/Compiler.js:648:5
  
  - Compiler.js:684 
    [frontend]/[webpack]/lib/Compiler.js:684:11
  
  - Compiler.js:1379 
    [frontend]/[webpack]/lib/Compiler.js:1379:17
  
  
  - Hook.js:21 Hook.CALL_ASYNC_DELEGATE [as _callAsync]
    [frontend]/[tapable]/lib/Hook.js:21:14
  
  - Compiler.js:1375 
    [frontend]/[webpack]/lib/Compiler.js:1375:33
  
  - Compilation.js:3183 finalCallback
    [frontend]/[webpack]/lib/Compilation.js:3183:11
  
  - Compilation.js:3521 
    [frontend]/[webpack]/lib/Compilation.js:3521:11
  
  
  - Hook.js:21 Hook.CALL_ASYNC_DELEGATE [as _callAsync]
    [frontend]/[tapable]/lib/Hook.js:21:14
  
  - Compilation.js:3514 
    [frontend]/[webpack]/lib/Compilation.js:3514:38
  
  
  - Compilation.js:653 
    [frontend]/[webpack]/lib/Compilation.js:653:11
  
  - SourceMapDevToolPlugin.js:635 
    [frontend]/[webpack]/lib/SourceMapDevToolPlugin.js:635:10
  
  - async.js:2830 
    [frontend]/[neo-async]/async.js:2830:7
  
  - async.js:2857 Object.each
    [frontend]/[neo-async]/async.js:2857:9
  
[39m[22m

[1m[31m1 ERROR in child compilations (Use 'stats.children: true' resp. '--stats-children' for more details)[39m[22m
webpack compiled with [1m[31m6 errors[39m[22m
Compiling...
Failed to compile.

Module not found: Error: Can't resolve 'D:\helpdesk-system\frontend\node_modules\@pmmmwh\react-refresh-webpack-plugin\client\ReactRefreshEntry.js' in 'D:\helpdesk-system\frontend'
[1m[31mERROR[39m[22m in [1mModule [1m[31mnot found[39m[22m[1m: [1m[31mError[39m[22m[1m: Can't resolve 'D:\helpdesk-system\frontend\node_modules\@pmmmwh\react-refresh-webpack-plugin\client\ReactRefreshEntry.js' in 'D:\helpdesk-system\frontend'[39m[22m

[1m[31mERROR[39m[22m in [1m[32mmain[39m[22m
[1mModule [1m[31mnot found[39m[22m[1m: [1m[31mError[39m[22m[1m: Can't resolve 'D:\helpdesk-system\frontend\node_modules\babel-loader\lib\index.js' in 'D:\helpdesk-system\frontend'[39m[22m

[1m[31mERROR[39m[22m in [1mModule [1m[31mnot found[39m[22m[1m: [1m[31mError[39m[22m[1m: Can't resolve 'D:\helpdesk-system\frontend\node_modules\webpack-dev-server\client\index.js?protocol=ws%3A&hostname=0.0.0.0&port=3000&pathname=%2Fws&logging=none&overlay=%7B%22errors%22%3Atrue%2C%22warnings%22%3Afalse%7D&reconnect=10&hot=true&live-reload=true' in 'D:\helpdesk-system\frontend'[39m[22m

[1m[31mERROR[39m[22m in [1mModule [1m[31mnot found[39m[22m[1m: [1m[31mError[39m[22m[1m: Can't resolve 'D:\helpdesk-system\frontend\node_modules\webpack\hot\dev-server.js' in 'D:\helpdesk-system\frontend'[39m[22m

[1m[31mERROR[39m[22m in [1m  [1m[31mError[39m[22m[1m: Child compilation [1m[31mfailed[39m[22m[1m:
  Module [1m[31mnot found[39m[22m[1m: [1m[31mError[39m[22m[1m: Can't resolve 'D:\helpdesk-system\frontend\node_modul  es\html-webpack-plugin\lib\loader.js' in 'D:\helpdesk-system\frontend'
  ModuleNotFoundError: Module [1m[31mnot found[39m[22m[1m: [1m[31mError[39m[22m[1m: Can't resolve 'D:\helpdesk-syste  m\frontend\node_modules\html-webpack-plugin\lib\loader.js' in 'D:\helpdesk-sys  tem\frontend'
      at D:\helpdesk-system\frontend\node_modules\webpack\lib\Compilation.js:207  3:28
      at D:\helpdesk-system\frontend\node_modules\webpack\lib\NormalModuleFactor  y.js:1041:13
      at eval (eval at create (D:\helpdesk-system\frontend\node_modules\tapable\  lib\HookCodeFactory.js:31:10), <anonymous>:10:1)
      at D:\helpdesk-system\frontend\node_modules\webpack\lib\NormalModuleFactor  y.js:437:22
      at eval (eval at create (D:\helpdesk-system\frontend\node_modules\tapable\  lib\HookCodeFactory.js:31:10), <anonymous>:9:1)
      at D:\helpdesk-system\frontend\node_modules\webpack\lib\NormalModuleFactor  y.js:622:22
      at D:\helpdesk-system\frontend\node_modules\webpack\lib\NormalModuleFactor  y.js:181:10
      at D:\helpdesk-system\frontend\node_modules\webpack\lib\NormalModuleFactor  y.js:856:23
      at D:\helpdesk-system\frontend\node_modules\webpack\lib\NormalModuleFactor  y.js:1351:5
      at D:\helpdesk-system\frontend\node_modules\neo-async\async.js:2830:7
      at done (D:\helpdesk-system\frontend\node_modules\neo-async\async.js:2925:  13)
      at D:\helpdesk-system\frontend\node_modules\webpack\lib\NormalModuleFactor  y.js:1310:10
      at finishWithoutResolve (D:\helpdesk-system\frontend\node_modules\enhanced  -resolve\lib\Resolver.js:590:11)
      at D:\helpdesk-system\frontend\node_modules\enhanced-resolve\lib\Resolver.  js:679:14
      at D:\helpdesk-system\frontend\node_modules\enhanced-resolve\lib\Resolver.  js:740:5
      at eval (eval at create (D:\helpdesk-system\frontend\node_modules\tapable\  lib\HookCodeFactory.js:31:10), <anonymous>:16:1)
      at D:\helpdesk-system\frontend\node_modules\enhanced-resolve\lib\Resolver.  js:740:5
      at eval (eval at create (D:\helpdesk-system\frontend\node_modules\tapable\  lib\HookCodeFactory.js:31:10), <anonymous>:27:1)
      at D:\helpdesk-system\frontend\node_modules\enhanced-resolve\lib\Descripti  onFilePlugin.js:89:43
      at D:\helpdesk-system\frontend\node_modules\enhanced-resolve\lib\Resolver.  js:740:5
      at eval (eval at create (D:\helpdesk-system\frontend\node_modules\tapable\  lib\HookCodeFactory.js:31:10), <anonymous>:15:1)
      at D:\helpdesk-system\frontend\node_modules\enhanced-resolve\lib\Resolver.  js:740:5
      at eval (eval at create (D:\helpdesk-system\frontend\node_modules\tapable\  lib\HookCodeFactory.js:31:10), <anonymous>:15:1)
      at D:\helpdesk-system\frontend\node_modules\enhanced-resolve\lib\Resolver.  js:740:5
      at eval (eval at create (D:\helpdesk-system\frontend\node_modules\tapable\  lib\HookCodeFactory.js:31:10), <anonymous>:16:1)
      at D:\helpdesk-system\frontend\node_modules\enhanced-resolve\lib\Resolver.  js:740:5
      at eval (eval at create (D:\helpdesk-system\frontend\node_modules\tapable\  lib\HookCodeFactory.js:31:10), <anonymous>:27:1)
      at D:\helpdesk-system\frontend\node_modules\enhanced-resolve\lib\Descripti  onFilePlugin.js:89:43
      at D:\helpdesk-system\frontend\node_modules\enhanced-resolve\lib\Resolver.  js:740:5
      at eval (eval at create (D:\helpdesk-system\frontend\node_modules\tapable\  lib\HookCodeFactory.js:31:10), <anonymous>:16:1)
      at D:\helpdesk-system\frontend\node_modules\enhanced-resolve\lib\Resolver.  js:740:5
      at eval (eval at create (D:\helpdesk-system\frontend\node_modules\tapable\  lib\HookCodeFactory.js:31:10), <anonymous>:15:1)
      at D:\helpdesk-system\frontend\node_modules\enhanced-resolve\lib\Directory  ExistsPlugin.js:43:15
      at process.processTicksAndRejections (node:internal/process/task_queues:81  :21)
  
  - Compilation.js:2073 
    [frontend]/[webpack]/lib/Compilation.js:2073:28
  
  - NormalModuleFactory.js:1041 
    [frontend]/[webpack]/lib/NormalModuleFactory.js:1041:13
  
  
  - NormalModuleFactory.js:437 
    [frontend]/[webpack]/lib/NormalModuleFactory.js:437:22
  
  
  - NormalModuleFactory.js:622 
    [frontend]/[webpack]/lib/NormalModuleFactory.js:622:22
  
  - NormalModuleFactory.js:181 
    [frontend]/[webpack]/lib/NormalModuleFactory.js:181:10
  
  - NormalModuleFactory.js:856 
    [frontend]/[webpack]/lib/NormalModuleFactory.js:856:23
  
  - NormalModuleFactory.js:1351 
    [frontend]/[webpack]/lib/NormalModuleFactory.js:1351:5
  
  - async.js:2830 
    [frontend]/[neo-async]/async.js:2830:7
  
  - async.js:2925 done
    [frontend]/[neo-async]/async.js:2925:13
  
  - NormalModuleFactory.js:1310 
    [frontend]/[webpack]/lib/NormalModuleFactory.js:1310:10
  
  - Resolver.js:590 finishWithoutResolve
    [frontend]/[enhanced-resolve]/lib/Resolver.js:590:11
  
  - Resolver.js:679 
    [frontend]/[enhanced-resolve]/lib/Resolver.js:679:14
  
  - Resolver.js:740 
    [frontend]/[enhanced-resolve]/lib/Resolver.js:740:5
  
  
  - Resolver.js:740 
    [frontend]/[enhanced-resolve]/lib/Resolver.js:740:5
  
  
  - DescriptionFilePlugin.js:89 
    [frontend]/[enhanced-resolve]/lib/DescriptionFilePlugin.js:89:43
  
  - Resolver.js:740 
    [frontend]/[enhanced-resolve]/lib/Resolver.js:740:5
  
  
  - Resolver.js:740 
    [frontend]/[enhanced-resolve]/lib/Resolver.js:740:5
  
  
  - Resolver.js:740 
    [frontend]/[enhanced-resolve]/lib/Resolver.js:740:5
  
  
  - Resolver.js:740 
    [frontend]/[enhanced-resolve]/lib/Resolver.js:740:5
  
  
  - DescriptionFilePlugin.js:89 
    [frontend]/[enhanced-resolve]/lib/DescriptionFilePlugin.js:89:43
  
  - Resolver.js:740 
    [frontend]/[enhanced-resolve]/lib/Resolver.js:740:5
  
  
  - Resolver.js:740 
    [frontend]/[enhanced-resolve]/lib/Resolver.js:740:5
  
  
  - DirectoryExistsPlugin.js:43 
    [frontend]/[enhanced-resolve]/lib/DirectoryExistsPlugin.js:43:15
  
  - task_queues:81 process.processTicksAndRejections
    node:internal/process/task_queues:81:21
  
  - child-compiler.js:211 
    [frontend]/[html-webpack-plugin]/lib/child-compiler.js:211:18
  
  - Compiler.js:648 finalCallback
    [frontend]/[webpack]/lib/Compiler.js:648:5
  
  - Compiler.js:684 
    [frontend]/[webpack]/lib/Compiler.js:684:11
  
  - Compiler.js:1379 
    [frontend]/[webpack]/lib/Compiler.js:1379:17
  
  
  - Hook.js:21 Hook.CALL_ASYNC_DELEGATE [as _callAsync]
    [frontend]/[tapable]/lib/Hook.js:21:14
  
  - Compiler.js:1375 
    [frontend]/[webpack]/lib/Compiler.js:1375:33
  
  - Compilation.js:3183 finalCallback
    [frontend]/[webpack]/lib/Compilation.js:3183:11
  
  - Compilation.js:3521 
    [frontend]/[webpack]/lib/Compilation.js:3521:11
  
  
  - Hook.js:21 Hook.CALL_ASYNC_DELEGATE [as _callAsync]
    [frontend]/[tapable]/lib/Hook.js:21:14
  
  - Compilation.js:3514 
    [frontend]/[webpack]/lib/Compilation.js:3514:38
  
  
  - Compilation.js:653 
    [frontend]/[webpack]/lib/Compilation.js:653:11
  
  - SourceMapDevToolPlugin.js:635 
    [frontend]/[webpack]/lib/SourceMapDevToolPlugin.js:635:10
  
  - async.js:2830 
    [frontend]/[neo-async]/async.js:2830:7
  
  - async.js:2857 Object.each
    [frontend]/[neo-async]/async.js:2857:9
  
[39m[22m

[1m[31m1 ERROR in child compilations (Use 'stats.children: true' resp. '--stats-children' for more details)[39m[22m
webpack compiled with [1m[31m6 errors[39m[22m
Compiling...
Failed to compile.

Module not found: Error: Can't resolve 'D:\helpdesk-system\frontend\node_modules\@pmmmwh\react-refresh-webpack-plugin\client\ReactRefreshEntry.js' in 'D:\helpdesk-system\frontend'
[1m[31mERROR[39m[22m in [1mModule [1m[31mnot found[39m[22m[1m: [1m[31mError[39m[22m[1m: Can't resolve 'D:\helpdesk-system\frontend\node_modules\@pmmmwh\react-refresh-webpack-plugin\client\ReactRefreshEntry.js' in 'D:\helpdesk-system\frontend'[39m[22m

[1m[31mERROR[39m[22m in [1m[32mmain[39m[22m
[1mModule [1m[31mnot found[39m[22m[1m: [1m[31mError[39m[22m[1m: Can't resolve 'D:\helpdesk-system\frontend\node_modules\source-map-loader\dist\cjs.js' in 'D:\helpdesk-system\frontend'[39m[22m

[1m[31mERROR[39m[22m in [1mModule [1m[31mnot found[39m[22m[1m: [1m[31mError[39m[22m[1m: Can't resolve 'D:\helpdesk-system\frontend\node_modules\webpack-dev-server\client\index.js?protocol=ws%3A&hostname=0.0.0.0&port=3000&pathname=%2Fws&logging=none&overlay=%7B%22errors%22%3Atrue%2C%22warnings%22%3Afalse%7D&reconnect=10&hot=true&live-reload=true' in 'D:\helpdesk-system\frontend'[39m[22m

[1m[31mERROR[39m[22m in [1mModule [1m[31mnot found[39m[22m[1m: [1m[31mError[39m[22m[1m: Can't resolve 'D:\helpdesk-system\frontend\node_modules\webpack\hot\dev-server.js' in 'D:\helpdesk-system\frontend'[39m[22m

[1m[31mERROR[39m[22m in [1m  [1m[31mError[39m[22m[1m: Child compilation [1m[31mfailed[39m[22m[1m:
  Module [1m[31mnot found[39m[22m[1m: [1m[31mError[39m[22m[1m: Can't resolve 'D:\helpdesk-system\frontend\node_modul  es\html-webpack-plugin\lib\loader.js' in 'D:\helpdesk-system\frontend'
  ModuleNotFoundError: Module [1m[31mnot found[39m[22m[1m: [1m[31mError[39m[22m[1m: Can't resolve 'D:\helpdesk-syste  m\frontend\node_modules\html-webpack-plugin\lib\loader.js' in 'D:\helpdesk-sys  tem\frontend'
      at D:\helpdesk-system\frontend\node_modules\webpack\lib\Compilation.js:207  3:28
      at D:\helpdesk-system\frontend\node_modules\webpack\lib\NormalModuleFactor  y.js:1041:13
      at eval (eval at create (D:\helpdesk-system\frontend\node_modules\tapable\  lib\HookCodeFactory.js:31:10), <anonymous>:10:1)
      at D:\helpdesk-system\frontend\node_modules\webpack\lib\NormalModuleFactor  y.js:437:22
      at eval (eval at create (D:\helpdesk-system\frontend\node_modules\tapable\  lib\HookCodeFactory.js:31:10), <anonymous>:9:1)
      at D:\helpdesk-system\frontend\node_modules\webpack\lib\NormalModuleFactor  y.js:622:22
      at D:\helpdesk-system\frontend\node_modules\webpack\lib\NormalModuleFactor  y.js:181:10
      at D:\helpdesk-system\frontend\node_modules\webpack\lib\NormalModuleFactor  y.js:856:23
      at D:\helpdesk-system\frontend\node_modules\webpack\lib\NormalModuleFactor  y.js:1351:5
      at D:\helpdesk-system\frontend\node_modules\neo-async\async.js:2830:7
      at done (D:\helpdesk-system\frontend\node_modules\neo-async\async.js:2925:  13)
      at D:\helpdesk-system\frontend\node_modules\webpack\lib\NormalModuleFactor  y.js:1310:10
      at finishWithoutResolve (D:\helpdesk-system\frontend\node_modules\enhanced  -resolve\lib\Resolver.js:590:11)
      at D:\helpdesk-system\frontend\node_modules\enhanced-resolve\lib\Resolver.  js:679:14
      at D:\helpdesk-system\frontend\node_modules\enhanced-resolve\lib\Resolver.  js:740:5
      at eval (eval at create (D:\helpdesk-system\frontend\node_modules\tapable\  lib\HookCodeFactory.js:31:10), <anonymous>:16:1)
      at D:\helpdesk-system\frontend\node_modules\enhanced-resolve\lib\Resolver.  js:740:5
      at eval (eval at create (D:\helpdesk-system\frontend\node_modules\tapable\  lib\HookCodeFactory.js:31:10), <anonymous>:27:1)
      at D:\helpdesk-system\frontend\node_modules\enhanced-resolve\lib\Descripti  onFilePlugin.js:89:43
      at D:\helpdesk-system\frontend\node_modules\enhanced-resolve\lib\Resolver.  js:740:5
      at eval (eval at create (D:\helpdesk-system\frontend\node_modules\tapable\  lib\HookCodeFactory.js:31:10), <anonymous>:15:1)
      at D:\helpdesk-system\frontend\node_modules\enhanced-resolve\lib\Resolver.  js:740:5
      at eval (eval at create (D:\helpdesk-system\frontend\node_modules\tapable\  lib\HookCodeFactory.js:31:10), <anonymous>:15:1)
      at D:\helpdesk-system\frontend\node_modules\enhanced-resolve\lib\Resolver.  js:740:5
      at eval (eval at create (D:\helpdesk-system\frontend\node_modules\tapable\  lib\HookCodeFactory.js:31:10), <anonymous>:16:1)
      at D:\helpdesk-system\frontend\node_modules\enhanced-resolve\lib\Resolver.  js:740:5
      at eval (eval at create (D:\helpdesk-system\frontend\node_modules\tapable\  lib\HookCodeFactory.js:31:10), <anonymous>:27:1)
      at D:\helpdesk-system\frontend\node_modules\enhanced-resolve\lib\Descripti  onFilePlugin.js:89:43
      at D:\helpdesk-system\frontend\node_modules\enhanced-resolve\lib\Resolver.  js:740:5
      at eval (eval at create (D:\helpdesk-system\frontend\node_modules\tapable\  lib\HookCodeFactory.js:31:10), <anonymous>:16:1)
      at D:\helpdesk-system\frontend\node_modules\enhanced-resolve\lib\Resolver.  js:740:5
      at eval (eval at create (D:\helpdesk-system\frontend\node_modules\tapable\  lib\HookCodeFactory.js:31:10), <anonymous>:15:1)
      at D:\helpdesk-system\frontend\node_modules\enhanced-resolve\lib\Directory  ExistsPlugin.js:43:15
      at process.processTicksAndRejections (node:internal/process/task_queues:81  :21)
  
  - Compilation.js:2073 
    [frontend]/[webpack]/lib/Compilation.js:2073:28
  
  - NormalModuleFactory.js:1041 
    [frontend]/[webpack]/lib/NormalModuleFactory.js:1041:13
  
  
  - NormalModuleFactory.js:437 
    [frontend]/[webpack]/lib/NormalModuleFactory.js:437:22
  
  
  - NormalModuleFactory.js:622 
    [frontend]/[webpack]/lib/NormalModuleFactory.js:622:22
  
  - NormalModuleFactory.js:181 
    [frontend]/[webpack]/lib/NormalModuleFactory.js:181:10
  
  - NormalModuleFactory.js:856 
    [frontend]/[webpack]/lib/NormalModuleFactory.js:856:23
  
  - NormalModuleFactory.js:1351 
    [frontend]/[webpack]/lib/NormalModuleFactory.js:1351:5
  
  - async.js:2830 
    [frontend]/[neo-async]/async.js:2830:7
  
  - async.js:2925 done
    [frontend]/[neo-async]/async.js:2925:13
  
  - NormalModuleFactory.js:1310 
    [frontend]/[webpack]/lib/NormalModuleFactory.js:1310:10
  
  - Resolver.js:590 finishWithoutResolve
    [frontend]/[enhanced-resolve]/lib/Resolver.js:590:11
  
  - Resolver.js:679 
    [frontend]/[enhanced-resolve]/lib/Resolver.js:679:14
  
  - Resolver.js:740 
    [frontend]/[enhanced-resolve]/lib/Resolver.js:740:5
  
  
  - Resolver.js:740 
    [frontend]/[enhanced-resolve]/lib/Resolver.js:740:5
  
  
  - DescriptionFilePlugin.js:89 
    [frontend]/[enhanced-resolve]/lib/DescriptionFilePlugin.js:89:43
  
  - Resolver.js:740 
    [frontend]/[enhanced-resolve]/lib/Resolver.js:740:5
  
  
  - Resolver.js:740 
    [frontend]/[enhanced-resolve]/lib/Resolver.js:740:5
  
  
  - Resolver.js:740 
    [frontend]/[enhanced-resolve]/lib/Resolver.js:740:5
  
  
  - Resolver.js:740 
    [frontend]/[enhanced-resolve]/lib/Resolver.js:740:5
  
  
  - DescriptionFilePlugin.js:89 
    [frontend]/[enhanced-resolve]/lib/DescriptionFilePlugin.js:89:43
  
  - Resolver.js:740 
    [frontend]/[enhanced-resolve]/lib/Resolver.js:740:5
  
  
  - Resolver.js:740 
    [frontend]/[enhanced-resolve]/lib/Resolver.js:740:5
  
  
  - DirectoryExistsPlugin.js:43 
    [frontend]/[enhanced-resolve]/lib/DirectoryExistsPlugin.js:43:15
  
  - task_queues:81 process.processTicksAndRejections
    node:internal/process/task_queues:81:21
  
  - child-compiler.js:211 
    [frontend]/[html-webpack-plugin]/lib/child-compiler.js:211:18
  
  - Compiler.js:648 finalCallback
    [frontend]/[webpack]/lib/Compiler.js:648:5
  
  - Compiler.js:684 
    [frontend]/[webpack]/lib/Compiler.js:684:11
  
  - Compiler.js:1379 
    [frontend]/[webpack]/lib/Compiler.js:1379:17
  
  
  - Hook.js:21 Hook.CALL_ASYNC_DELEGATE [as _callAsync]
    [frontend]/[tapable]/lib/Hook.js:21:14
  
  - Compiler.js:1375 
    [frontend]/[webpack]/lib/Compiler.js:1375:33
  
  - Compilation.js:3183 finalCallback
    [frontend]/[webpack]/lib/Compilation.js:3183:11
  
  - Compilation.js:3521 
    [frontend]/[webpack]/lib/Compilation.js:3521:11
  
  
  - Hook.js:21 Hook.CALL_ASYNC_DELEGATE [as _callAsync]
    [frontend]/[tapable]/lib/Hook.js:21:14
  
  - Compilation.js:3514 
    [frontend]/[webpack]/lib/Compilation.js:3514:38
  
  
  - Compilation.js:653 
    [frontend]/[webpack]/lib/Compilation.js:653:11
  
  - SourceMapDevToolPlugin.js:635 
    [frontend]/[webpack]/lib/SourceMapDevToolPlugin.js:635:10
  
  - async.js:2830 
    [frontend]/[neo-async]/async.js:2830:7
  
  - async.js:2857 Object.each
    [frontend]/[neo-async]/async.js:2857:9
  
[39m[22m

[1m[31m1 ERROR in child compilations (Use 'stats.children: true' resp. '--stats-children' for more details)[39m[22m
webpack compiled with [1m[31m6 errors[39m[22m
Compiling...
Failed to compile.

Module not found: Error: Can't resolve 'D:\helpdesk-system\frontend\node_modules\@pmmmwh\react-refresh-webpack-plugin\client\ReactRefreshEntry.js' in 'D:\helpdesk-system\frontend'
[1m[31mERROR[39m[22m in [1mModule [1m[31mnot found[39m[22m[1m: [1m[31mError[39m[22m[1m: Can't resolve 'D:\helpdesk-system\frontend\node_modules\@pmmmwh\react-refresh-webpack-plugin\client\ReactRefreshEntry.js' in 'D:\helpdesk-system\frontend'[39m[22m

[1m[31mERROR[39m[22m in [1m[32mmain[39m[22m
[1mModule [1m[31mnot found[39m[22m[1m: [1m[31mError[39m[22m[1m: Can't resolve 'D:\helpdesk-system\frontend\node_modules\babel-loader\lib\index.js' in 'D:\helpdesk-system\frontend'[39m[22m

[1m[31mERROR[39m[22m in [1mModule [1m[31mnot found[39m[22m[1m: [1m[31mError[39m[22m[1m: Can't resolve 'D:\helpdesk-system\frontend\node_modules\webpack-dev-server\client\index.js?protocol=ws%3A&hostname=0.0.0.0&port=3000&pathname=%2Fws&logging=none&overlay=%7B%22errors%22%3Atrue%2C%22warnings%22%3Afalse%7D&reconnect=10&hot=true&live-reload=true' in 'D:\helpdesk-system\frontend'[39m[22m

[1m[31mERROR[39m[22m in [1mModule [1m[31mnot found[39m[22m[1m: [1m[31mError[39m[22m[1m: Can't resolve 'D:\helpdesk-system\frontend\node_modules\webpack\hot\dev-server.js' in 'D:\helpdesk-system\frontend'[39m[22m

[1m[31mERROR[39m[22m in [1m  [1m[31mError[39m[22m[1m: Child compilation [1m[31mfailed[39m[22m[1m:
  Module [1m[31mnot found[39m[22m[1m: [1m[31mError[39m[22m[1m: Can't resolve 'D:\helpdesk-system\frontend\node_modul  es\html-webpack-plugin\lib\loader.js' in 'D:\helpdesk-system\frontend'
  ModuleNotFoundError: Module [1m[31mnot found[39m[22m[1m: [1m[31mError[39m[22m[1m: Can't resolve 'D:\helpdesk-syste  m\frontend\node_modules\html-webpack-plugin\lib\loader.js' in 'D:\helpdesk-sys  tem\frontend'
      at D:\helpdesk-system\frontend\node_modules\webpack\lib\Compilation.js:207  3:28
      at D:\helpdesk-system\frontend\node_modules\webpack\lib\NormalModuleFactor  y.js:1041:13
      at eval (eval at create (D:\helpdesk-system\frontend\node_modules\tapable\  lib\HookCodeFactory.js:31:10), <anonymous>:10:1)
      at D:\helpdesk-system\frontend\node_modules\webpack\lib\NormalModuleFactor  y.js:437:22
      at eval (eval at create (D:\helpdesk-system\frontend\node_modules\tapable\  lib\HookCodeFactory.js:31:10), <anonymous>:9:1)
      at D:\helpdesk-system\frontend\node_modules\webpack\lib\NormalModuleFactor  y.js:622:22
      at D:\helpdesk-system\frontend\node_modules\webpack\lib\NormalModuleFactor  y.js:181:10
      at D:\helpdesk-system\frontend\node_modules\webpack\lib\NormalModuleFactor  y.js:856:23
      at D:\helpdesk-system\frontend\node_modules\webpack\lib\NormalModuleFactor  y.js:1351:5
      at D:\helpdesk-system\frontend\node_modules\neo-async\async.js:2830:7
      at done (D:\helpdesk-system\frontend\node_modules\neo-async\async.js:2925:  13)
      at D:\helpdesk-system\frontend\node_modules\webpack\lib\NormalModuleFactor  y.js:1310:10
      at finishWithoutResolve (D:\helpdesk-system\frontend\node_modules\enhanced  -resolve\lib\Resolver.js:590:11)
      at D:\helpdesk-system\frontend\node_modules\enhanced-resolve\lib\Resolver.  js:679:14
      at D:\helpdesk-system\frontend\node_modules\enhanced-resolve\lib\Resolver.  js:740:5
      at eval (eval at create (D:\helpdesk-system\frontend\node_modules\tapable\  lib\HookCodeFactory.js:31:10), <anonymous>:16:1)
      at D:\helpdesk-system\frontend\node_modules\enhanced-resolve\lib\Resolver.  js:740:5
      at eval (eval at create (D:\helpdesk-system\frontend\node_modules\tapable\  lib\HookCodeFactory.js:31:10), <anonymous>:27:1)
      at D:\helpdesk-system\frontend\node_modules\enhanced-resolve\lib\Descripti  onFilePlugin.js:89:43
      at D:\helpdesk-system\frontend\node_modules\enhanced-resolve\lib\Resolver.  js:740:5
      at eval (eval at create (D:\helpdesk-system\frontend\node_modules\tapable\  lib\HookCodeFactory.js:31:10), <anonymous>:15:1)
      at D:\helpdesk-system\frontend\node_modules\enhanced-resolve\lib\Resolver.  js:740:5
      at eval (eval at create (D:\helpdesk-system\frontend\node_modules\tapable\  lib\HookCodeFactory.js:31:10), <anonymous>:15:1)
      at D:\helpdesk-system\frontend\node_modules\enhanced-resolve\lib\Resolver.  js:740:5
      at eval (eval at create (D:\helpdesk-system\frontend\node_modules\tapable\  lib\HookCodeFactory.js:31:10), <anonymous>:16:1)
      at D:\helpdesk-system\frontend\node_modules\enhanced-resolve\lib\Resolver.  js:740:5
      at eval (eval at create (D:\helpdesk-system\frontend\node_modules\tapable\  lib\HookCodeFactory.js:31:10), <anonymous>:27:1)
      at D:\helpdesk-system\frontend\node_modules\enhanced-resolve\lib\Descripti  onFilePlugin.js:89:43
      at D:\helpdesk-system\frontend\node_modules\enhanced-resolve\lib\Resolver.  js:740:5
      at eval (eval at create (D:\helpdesk-system\frontend\node_modules\tapable\  lib\HookCodeFactory.js:31:10), <anonymous>:16:1)
      at D:\helpdesk-system\frontend\node_modules\enhanced-resolve\lib\Resolver.  js:740:5
      at eval (eval at create (D:\helpdesk-system\frontend\node_modules\tapable\  lib\HookCodeFactory.js:31:10), <anonymous>:15:1)
      at D:\helpdesk-system\frontend\node_modules\enhanced-resolve\lib\Directory  ExistsPlugin.js:43:15
      at process.processTicksAndRejections (node:internal/process/task_queues:81  :21)
  
  - Compilation.js:2073 
    [frontend]/[webpack]/lib/Compilation.js:2073:28
  
  - NormalModuleFactory.js:1041 
    [frontend]/[webpack]/lib/NormalModuleFactory.js:1041:13
  
  
  - NormalModuleFactory.js:437 
    [frontend]/[webpack]/lib/NormalModuleFactory.js:437:22
  
  
  - NormalModuleFactory.js:622 
    [frontend]/[webpack]/lib/NormalModuleFactory.js:622:22
  
  - NormalModuleFactory.js:181 
    [frontend]/[webpack]/lib/NormalModuleFactory.js:181:10
  
  - NormalModuleFactory.js:856 
    [frontend]/[webpack]/lib/NormalModuleFactory.js:856:23
  
  - NormalModuleFactory.js:1351 
    [frontend]/[webpack]/lib/NormalModuleFactory.js:1351:5
  
  - async.js:2830 
    [frontend]/[neo-async]/async.js:2830:7
  
  - async.js:2925 done
    [frontend]/[neo-async]/async.js:2925:13
  
  - NormalModuleFactory.js:1310 
    [frontend]/[webpack]/lib/NormalModuleFactory.js:1310:10
  
  - Resolver.js:590 finishWithoutResolve
    [frontend]/[enhanced-resolve]/lib/Resolver.js:590:11
  
  - Resolver.js:679 
    [frontend]/[enhanced-resolve]/lib/Resolver.js:679:14
  
  - Resolver.js:740 
    [frontend]/[enhanced-resolve]/lib/Resolver.js:740:5
  
  
  - Resolver.js:740 
    [frontend]/[enhanced-resolve]/lib/Resolver.js:740:5
  
  
  - DescriptionFilePlugin.js:89 
    [frontend]/[enhanced-resolve]/lib/DescriptionFilePlugin.js:89:43
  
  - Resolver.js:740 
    [frontend]/[enhanced-resolve]/lib/Resolver.js:740:5
  
  
  - Resolver.js:740 
    [frontend]/[enhanced-resolve]/lib/Resolver.js:740:5
  
  
  - Resolver.js:740 
    [frontend]/[enhanced-resolve]/lib/Resolver.js:740:5
  
  
  - Resolver.js:740 
    [frontend]/[enhanced-resolve]/lib/Resolver.js:740:5
  
  
  - DescriptionFilePlugin.js:89 
    [frontend]/[enhanced-resolve]/lib/DescriptionFilePlugin.js:89:43
  
  - Resolver.js:740 
    [frontend]/[enhanced-resolve]/lib/Resolver.js:740:5
  
  
  - Resolver.js:740 
    [frontend]/[enhanced-resolve]/lib/Resolver.js:740:5
  
  
  - DirectoryExistsPlugin.js:43 
    [frontend]/[enhanced-resolve]/lib/DirectoryExistsPlugin.js:43:15
  
  - task_queues:81 process.processTicksAndRejections
    node:internal/process/task_queues:81:21
  
  - child-compiler.js:211 
    [frontend]/[html-webpack-plugin]/lib/child-compiler.js:211:18
  
  - Compiler.js:648 finalCallback
    [frontend]/[webpack]/lib/Compiler.js:648:5
  
  - Compiler.js:684 
    [frontend]/[webpack]/lib/Compiler.js:684:11
  
  - Compiler.js:1379 
    [frontend]/[webpack]/lib/Compiler.js:1379:17
  
  
  - Hook.js:21 Hook.CALL_ASYNC_DELEGATE [as _callAsync]
    [frontend]/[tapable]/lib/Hook.js:21:14
  
  - Compiler.js:1375 
    [frontend]/[webpack]/lib/Compiler.js:1375:33
  
  - Compilation.js:3183 finalCallback
    [frontend]/[webpack]/lib/Compilation.js:3183:11
  
  - Compilation.js:3521 
    [frontend]/[webpack]/lib/Compilation.js:3521:11
  
  
  - Hook.js:21 Hook.CALL_ASYNC_DELEGATE [as _callAsync]
    [frontend]/[tapable]/lib/Hook.js:21:14
  
  - Compilation.js:3514 
    [frontend]/[webpack]/lib/Compilation.js:3514:38
  
  
  - Compilation.js:653 
    [frontend]/[webpack]/lib/Compilation.js:653:11
  
  - SourceMapDevToolPlugin.js:635 
    [frontend]/[webpack]/lib/SourceMapDevToolPlugin.js:635:10
  
  - async.js:2830 
    [frontend]/[neo-async]/async.js:2830:7
  
  - async.js:2857 Object.each
    [frontend]/[neo-async]/async.js:2857:9
  
[39m[22m

[1m[31m1 ERROR in child compilations (Use 'stats.children: true' resp. '--stats-children' for more details)[39m[22m
webpack compiled with [1m[31m6 errors[39m[22m
Compiling...
Failed to compile.

Module not found: Error: Can't resolve 'D:\helpdesk-system\frontend\node_modules\@pmmmwh\react-refresh-webpack-plugin\client\ReactRefreshEntry.js' in 'D:\helpdesk-system\frontend'
[1m[31mERROR[39m[22m in [1mModule [1m[31mnot found[39m[22m[1m: [1m[31mError[39m[22m[1m: Can't resolve 'D:\helpdesk-system\frontend\node_modules\@pmmmwh\react-refresh-webpack-plugin\client\ReactRefreshEntry.js' in 'D:\helpdesk-system\frontend'[39m[22m

[1m[31mERROR[39m[22m in [1m[32mmain[39m[22m
[1mModule [1m[31mnot found[39m[22m[1m: [1m[31mError[39m[22m[1m: Can't resolve 'D:\helpdesk-system\frontend\node_modules\babel-loader\lib\index.js' in 'D:\helpdesk-system\frontend'[39m[22m

[1m[31mERROR[39m[22m in [1mModule [1m[31mnot found[39m[22m[1m: [1m[31mError[39m[22m[1m: Can't resolve 'D:\helpdesk-system\frontend\node_modules\webpack-dev-server\client\index.js?protocol=ws%3A&hostname=0.0.0.0&port=3000&pathname=%2Fws&logging=none&overlay=%7B%22errors%22%3Atrue%2C%22warnings%22%3Afalse%7D&reconnect=10&hot=true&live-reload=true' in 'D:\helpdesk-system\frontend'[39m[22m

[1m[31mERROR[39m[22m in [1mModule [1m[31mnot found[39m[22m[1m: [1m[31mError[39m[22m[1m: Can't resolve 'D:\helpdesk-system\frontend\node_modules\webpack\hot\dev-server.js' in 'D:\helpdesk-system\frontend'[39m[22m

[1m[31mERROR[39m[22m in [1m  [1m[31mError[39m[22m[1m: Child compilation [1m[31mfailed[39m[22m[1m:
  Module [1m[31mnot found[39m[22m[1m: [1m[31mError[39m[22m[1m: Can't resolve 'D:\helpdesk-system\frontend\node_modul  es\html-webpack-plugin\lib\loader.js' in 'D:\helpdesk-system\frontend'
  ModuleNotFoundError: Module [1m[31mnot found[39m[22m[1m: [1m[31mError[39m[22m[1m: Can't resolve 'D:\helpdesk-syste  m\frontend\node_modules\html-webpack-plugin\lib\loader.js' in 'D:\helpdesk-sys  tem\frontend'
      at D:\helpdesk-system\frontend\node_modules\webpack\lib\Compilation.js:207  3:28
      at D:\helpdesk-system\frontend\node_modules\webpack\lib\NormalModuleFactor  y.js:1041:13
      at eval (eval at create (D:\helpdesk-system\frontend\node_modules\tapable\  lib\HookCodeFactory.js:31:10), <anonymous>:10:1)
      at D:\helpdesk-system\frontend\node_modules\webpack\lib\NormalModuleFactor  y.js:437:22
      at eval (eval at create (D:\helpdesk-system\frontend\node_modules\tapable\  lib\HookCodeFactory.js:31:10), <anonymous>:9:1)
      at D:\helpdesk-system\frontend\node_modules\webpack\lib\NormalModuleFactor  y.js:622:22
      at D:\helpdesk-system\frontend\node_modules\webpack\lib\NormalModuleFactor  y.js:181:10
      at D:\helpdesk-system\frontend\node_modules\webpack\lib\NormalModuleFactor  y.js:856:23
      at D:\helpdesk-system\frontend\node_modules\webpack\lib\NormalModuleFactor  y.js:1351:5
      at D:\helpdesk-system\frontend\node_modules\neo-async\async.js:2830:7
      at done (D:\helpdesk-system\frontend\node_modules\neo-async\async.js:2925:  13)
      at D:\helpdesk-system\frontend\node_modules\webpack\lib\NormalModuleFactor  y.js:1310:10
      at finishWithoutResolve (D:\helpdesk-system\frontend\node_modules\enhanced  -resolve\lib\Resolver.js:590:11)
      at D:\helpdesk-system\frontend\node_modules\enhanced-resolve\lib\Resolver.  js:679:14
      at D:\helpdesk-system\frontend\node_modules\enhanced-resolve\lib\Resolver.  js:740:5
      at eval (eval at create (D:\helpdesk-system\frontend\node_modules\tapable\  lib\HookCodeFactory.js:31:10), <anonymous>:16:1)
      at D:\helpdesk-system\frontend\node_modules\enhanced-resolve\lib\Resolver.  js:740:5
      at eval (eval at create (D:\helpdesk-system\frontend\node_modules\tapable\  lib\HookCodeFactory.js:31:10), <anonymous>:27:1)
      at D:\helpdesk-system\frontend\node_modules\enhanced-resolve\lib\Descripti  onFilePlugin.js:89:43
      at D:\helpdesk-system\frontend\node_modules\enhanced-resolve\lib\Resolver.  js:740:5
      at eval (eval at create (D:\helpdesk-system\frontend\node_modules\tapable\  lib\HookCodeFactory.js:31:10), <anonymous>:15:1)
      at D:\helpdesk-system\frontend\node_modules\enhanced-resolve\lib\Resolver.  js:740:5
      at eval (eval at create (D:\helpdesk-system\frontend\node_modules\tapable\  lib\HookCodeFactory.js:31:10), <anonymous>:15:1)
      at D:\helpdesk-system\frontend\node_modules\enhanced-resolve\lib\Resolver.  js:740:5
      at eval (eval at create (D:\helpdesk-system\frontend\node_modules\tapable\  lib\HookCodeFactory.js:31:10), <anonymous>:16:1)
      at D:\helpdesk-system\frontend\node_modules\enhanced-resolve\lib\Resolver.  js:740:5
      at eval (eval at create (D:\helpdesk-system\frontend\node_modules\tapable\  lib\HookCodeFactory.js:31:10), <anonymous>:27:1)
      at D:\helpdesk-system\frontend\node_modules\enhanced-resolve\lib\Descripti  onFilePlugin.js:89:43
      at D:\helpdesk-system\frontend\node_modules\enhanced-resolve\lib\Resolver.  js:740:5
      at eval (eval at create (D:\helpdesk-system\frontend\node_modules\tapable\  lib\HookCodeFactory.js:31:10), <anonymous>:16:1)
      at D:\helpdesk-system\frontend\node_modules\enhanced-resolve\lib\Resolver.  js:740:5
      at eval (eval at create (D:\helpdesk-system\frontend\node_modules\tapable\  lib\HookCodeFactory.js:31:10), <anonymous>:15:1)
      at D:\helpdesk-system\frontend\node_modules\enhanced-resolve\lib\Directory  ExistsPlugin.js:43:15
      at process.processTicksAndRejections (node:internal/process/task_queues:81  :21)
  
  - Compilation.js:2073 
    [frontend]/[webpack]/lib/Compilation.js:2073:28
  
  - NormalModuleFactory.js:1041 
    [frontend]/[webpack]/lib/NormalModuleFactory.js:1041:13
  
  
  - NormalModuleFactory.js:437 
    [frontend]/[webpack]/lib/NormalModuleFactory.js:437:22
  
  
  - NormalModuleFactory.js:622 
    [frontend]/[webpack]/lib/NormalModuleFactory.js:622:22
  
  - NormalModuleFactory.js:181 
    [frontend]/[webpack]/lib/NormalModuleFactory.js:181:10
  
  - NormalModuleFactory.js:856 
    [frontend]/[webpack]/lib/NormalModuleFactory.js:856:23
  
  - NormalModuleFactory.js:1351 
    [frontend]/[webpack]/lib/NormalModuleFactory.js:1351:5
  
  - async.js:2830 
    [frontend]/[neo-async]/async.js:2830:7
  
  - async.js:2925 done
    [frontend]/[neo-async]/async.js:2925:13
  
  - NormalModuleFactory.js:1310 
    [frontend]/[webpack]/lib/NormalModuleFactory.js:1310:10
  
  - Resolver.js:590 finishWithoutResolve
    [frontend]/[enhanced-resolve]/lib/Resolver.js:590:11
  
  - Resolver.js:679 
    [frontend]/[enhanced-resolve]/lib/Resolver.js:679:14
  
  - Resolver.js:740 
    [frontend]/[enhanced-resolve]/lib/Resolver.js:740:5
  
  
  - Resolver.js:740 
    [frontend]/[enhanced-resolve]/lib/Resolver.js:740:5
  
  
  - DescriptionFilePlugin.js:89 
    [frontend]/[enhanced-resolve]/lib/DescriptionFilePlugin.js:89:43
  
  - Resolver.js:740 
    [frontend]/[enhanced-resolve]/lib/Resolver.js:740:5
  
  
  - Resolver.js:740 
    [frontend]/[enhanced-resolve]/lib/Resolver.js:740:5
  
  
  - Resolver.js:740 
    [frontend]/[enhanced-resolve]/lib/Resolver.js:740:5
  
  
  - Resolver.js:740 
    [frontend]/[enhanced-resolve]/lib/Resolver.js:740:5
  
  
  - DescriptionFilePlugin.js:89 
    [frontend]/[enhanced-resolve]/lib/DescriptionFilePlugin.js:89:43
  
  - Resolver.js:740 
    [frontend]/[enhanced-resolve]/lib/Resolver.js:740:5
  
  
  - Resolver.js:740 
    [frontend]/[enhanced-resolve]/lib/Resolver.js:740:5
  
  
  - DirectoryExistsPlugin.js:43 
    [frontend]/[enhanced-resolve]/lib/DirectoryExistsPlugin.js:43:15
  
  - task_queues:81 process.processTicksAndRejections
    node:internal/process/task_queues:81:21
  
  - child-compiler.js:211 
    [frontend]/[html-webpack-plugin]/lib/child-compiler.js:211:18
  
  - Compiler.js:648 finalCallback
    [frontend]/[webpack]/lib/Compiler.js:648:5
  
  - Compiler.js:684 
    [frontend]/[webpack]/lib/Compiler.js:684:11
  
  - Compiler.js:1379 
    [frontend]/[webpack]/lib/Compiler.js:1379:17
  
  
  - Hook.js:21 Hook.CALL_ASYNC_DELEGATE [as _callAsync]
    [frontend]/[tapable]/lib/Hook.js:21:14
  
  - Compiler.js:1375 
    [frontend]/[webpack]/lib/Compiler.js:1375:33
  
  - Compilation.js:3183 finalCallback
    [frontend]/[webpack]/lib/Compilation.js:3183:11
  
  - Compilation.js:3521 
    [frontend]/[webpack]/lib/Compilation.js:3521:11
  
  
  - Hook.js:21 Hook.CALL_ASYNC_DELEGATE [as _callAsync]
    [frontend]/[tapable]/lib/Hook.js:21:14
  
  - Compilation.js:3514 
    [frontend]/[webpack]/lib/Compilation.js:3514:38
  
  
  - Compilation.js:653 
    [frontend]/[webpack]/lib/Compilation.js:653:11
  
  - SourceMapDevToolPlugin.js:635 
    [frontend]/[webpack]/lib/SourceMapDevToolPlugin.js:635:10
  
  - async.js:2830 
    [frontend]/[neo-async]/async.js:2830:7
  
  - async.js:2857 Object.each
    [frontend]/[neo-async]/async.js:2857:9
  
[39m[22m

[1m[31m1 ERROR in child compilations (Use 'stats.children: true' resp. '--stats-children' for more details)[39m[22m
webpack compiled with [1m[31m6 errors[39m[22m
Compiling...
Failed to compile.

Module not found: Error: Can't resolve 'D:\helpdesk-system\frontend\node_modules\@pmmmwh\react-refresh-webpack-plugin\client\ReactRefreshEntry.js' in 'D:\helpdesk-system\frontend'
[1m[31mERROR[39m[22m in [1mModule [1m[31mnot found[39m[22m[1m: [1m[31mError[39m[22m[1m: Can't resolve 'D:\helpdesk-system\frontend\node_modules\@pmmmwh\react-refresh-webpack-plugin\client\ReactRefreshEntry.js' in 'D:\helpdesk-system\frontend'[39m[22m

[1m[31mERROR[39m[22m in [1m[32mmain[39m[22m
[1mModule [1m[31mnot found[39m[22m[1m: [1m[31mError[39m[22m[1m: Can't resolve 'D:\helpdesk-system\frontend\node_modules\babel-loader\lib\index.js' in 'D:\helpdesk-system\frontend'[39m[22m

[1m[31mERROR[39m[22m in [1mModule [1m[31mnot found[39m[22m[1m: [1m[31mError[39m[22m[1m: Can't resolve 'D:\helpdesk-system\frontend\node_modules\webpack-dev-server\client\index.js?protocol=ws%3A&hostname=0.0.0.0&port=3000&pathname=%2Fws&logging=none&overlay=%7B%22errors%22%3Atrue%2C%22warnings%22%3Afalse%7D&reconnect=10&hot=true&live-reload=true' in 'D:\helpdesk-system\frontend'[39m[22m

[1m[31mERROR[39m[22m in [1mModule [1m[31mnot found[39m[22m[1m: [1m[31mError[39m[22m[1m: Can't resolve 'D:\helpdesk-system\frontend\node_modules\webpack\hot\dev-server.js' in 'D:\helpdesk-system\frontend'[39m[22m

[1m[31mERROR[39m[22m in [1m  [1m[31mError[39m[22m[1m: Child compilation [1m[31mfailed[39m[22m[1m:
  Module [1m[31mnot found[39m[22m[1m: [1m[31mError[39m[22m[1m: Can't resolve 'D:\helpdesk-system\frontend\node_modul  es\html-webpack-plugin\lib\loader.js' in 'D:\helpdesk-system\frontend'
  ModuleNotFoundError: Module [1m[31mnot found[39m[22m[1m: [1m[31mError[39m[22m[1m: Can't resolve 'D:\helpdesk-syste  m\frontend\node_modules\html-webpack-plugin\lib\loader.js' in 'D:\helpdesk-sys  tem\frontend'
      at D:\helpdesk-system\frontend\node_modules\webpack\lib\Compilation.js:207  3:28
      at D:\helpdesk-system\frontend\node_modules\webpack\lib\NormalModuleFactor  y.js:1041:13
      at eval (eval at create (D:\helpdesk-system\frontend\node_modules\tapable\  lib\HookCodeFactory.js:31:10), <anonymous>:10:1)
      at D:\helpdesk-system\frontend\node_modules\webpack\lib\NormalModuleFactor  y.js:437:22
      at eval (eval at create (D:\helpdesk-system\frontend\node_modules\tapable\  lib\HookCodeFactory.js:31:10), <anonymous>:9:1)
      at D:\helpdesk-system\frontend\node_modules\webpack\lib\NormalModuleFactor  y.js:622:22
      at D:\helpdesk-system\frontend\node_modules\webpack\lib\NormalModuleFactor  y.js:181:10
      at D:\helpdesk-system\frontend\node_modules\webpack\lib\NormalModuleFactor  y.js:856:23
      at D:\helpdesk-system\frontend\node_modules\webpack\lib\NormalModuleFactor  y.js:1351:5
      at D:\helpdesk-system\frontend\node_modules\neo-async\async.js:2830:7
      at done (D:\helpdesk-system\frontend\node_modules\neo-async\async.js:2925:  13)
      at D:\helpdesk-system\frontend\node_modules\webpack\lib\NormalModuleFactor  y.js:1310:10
      at finishWithoutResolve (D:\helpdesk-system\frontend\node_modules\enhanced  -resolve\lib\Resolver.js:590:11)
      at D:\helpdesk-system\frontend\node_modules\enhanced-resolve\lib\Resolver.  js:679:14
      at D:\helpdesk-system\frontend\node_modules\enhanced-resolve\lib\Resolver.  js:740:5
      at eval (eval at create (D:\helpdesk-system\frontend\node_modules\tapable\  lib\HookCodeFactory.js:31:10), <anonymous>:16:1)
      at D:\helpdesk-system\frontend\node_modules\enhanced-resolve\lib\Resolver.  js:740:5
      at eval (eval at create (D:\helpdesk-system\frontend\node_modules\tapable\  lib\HookCodeFactory.js:31:10), <anonymous>:27:1)
      at D:\helpdesk-system\frontend\node_modules\enhanced-resolve\lib\Descripti  onFilePlugin.js:89:43
      at D:\helpdesk-system\frontend\node_modules\enhanced-resolve\lib\Resolver.  js:740:5
      at eval (eval at create (D:\helpdesk-system\frontend\node_modules\tapable\  lib\HookCodeFactory.js:31:10), <anonymous>:15:1)
      at D:\helpdesk-system\frontend\node_modules\enhanced-resolve\lib\Resolver.  js:740:5
      at eval (eval at create (D:\helpdesk-system\frontend\node_modules\tapable\  lib\HookCodeFactory.js:31:10), <anonymous>:15:1)
      at D:\helpdesk-system\frontend\node_modules\enhanced-resolve\lib\Resolver.  js:740:5
      at eval (eval at create (D:\helpdesk-system\frontend\node_modules\tapable\  lib\HookCodeFactory.js:31:10), <anonymous>:16:1)
      at D:\helpdesk-system\frontend\node_modules\enhanced-resolve\lib\Resolver.  js:740:5
      at eval (eval at create (D:\helpdesk-system\frontend\node_modules\tapable\  lib\HookCodeFactory.js:31:10), <anonymous>:27:1)
      at D:\helpdesk-system\frontend\node_modules\enhanced-resolve\lib\Descripti  onFilePlugin.js:89:43
      at D:\helpdesk-system\frontend\node_modules\enhanced-resolve\lib\Resolver.  js:740:5
      at eval (eval at create (D:\helpdesk-system\frontend\node_modules\tapable\  lib\HookCodeFactory.js:31:10), <anonymous>:16:1)
      at D:\helpdesk-system\frontend\node_modules\enhanced-resolve\lib\Resolver.  js:740:5
      at eval (eval at create (D:\helpdesk-system\frontend\node_modules\tapable\  lib\HookCodeFactory.js:31:10), <anonymous>:15:1)
      at D:\helpdesk-system\frontend\node_modules\enhanced-resolve\lib\Directory  ExistsPlugin.js:43:15
      at process.processTicksAndRejections (node:internal/process/task_queues:81  :21)
  
  - Compilation.js:2073 
    [frontend]/[webpack]/lib/Compilation.js:2073:28
  
  - NormalModuleFactory.js:1041 
    [frontend]/[webpack]/lib/NormalModuleFactory.js:1041:13
  
  
  - NormalModuleFactory.js:437 
    [frontend]/[webpack]/lib/NormalModuleFactory.js:437:22
  
  
  - NormalModuleFactory.js:622 
    [frontend]/[webpack]/lib/NormalModuleFactory.js:622:22
  
  - NormalModuleFactory.js:181 
    [frontend]/[webpack]/lib/NormalModuleFactory.js:181:10
  
  - NormalModuleFactory.js:856 
    [frontend]/[webpack]/lib/NormalModuleFactory.js:856:23
  
  - NormalModuleFactory.js:1351 
    [frontend]/[webpack]/lib/NormalModuleFactory.js:1351:5
  
  - async.js:2830 
    [frontend]/[neo-async]/async.js:2830:7
  
  - async.js:2925 done
    [frontend]/[neo-async]/async.js:2925:13
  
  - NormalModuleFactory.js:1310 
    [frontend]/[webpack]/lib/NormalModuleFactory.js:1310:10
  
  - Resolver.js:590 finishWithoutResolve
    [frontend]/[enhanced-resolve]/lib/Resolver.js:590:11
  
  - Resolver.js:679 
    [frontend]/[enhanced-resolve]/lib/Resolver.js:679:14
  
  - Resolver.js:740 
    [frontend]/[enhanced-resolve]/lib/Resolver.js:740:5
  
  
  - Resolver.js:740 
    [frontend]/[enhanced-resolve]/lib/Resolver.js:740:5
  
  
  - DescriptionFilePlugin.js:89 
    [frontend]/[enhanced-resolve]/lib/DescriptionFilePlugin.js:89:43
  
  - Resolver.js:740 
    [frontend]/[enhanced-resolve]/lib/Resolver.js:740:5
  
  
  - Resolver.js:740 
    [frontend]/[enhanced-resolve]/lib/Resolver.js:740:5
  
  
  - Resolver.js:740 
    [frontend]/[enhanced-resolve]/lib/Resolver.js:740:5
  
  
  - Resolver.js:740 
    [frontend]/[enhanced-resolve]/lib/Resolver.js:740:5
  
  
  - DescriptionFilePlugin.js:89 
    [frontend]/[enhanced-resolve]/lib/DescriptionFilePlugin.js:89:43
  
  - Resolver.js:740 
    [frontend]/[enhanced-resolve]/lib/Resolver.js:740:5
  
  
  - Resolver.js:740 
    [frontend]/[enhanced-resolve]/lib/Resolver.js:740:5
  
  
  - DirectoryExistsPlugin.js:43 
    [frontend]/[enhanced-resolve]/lib/DirectoryExistsPlugin.js:43:15
  
  - task_queues:81 process.processTicksAndRejections
    node:internal/process/task_queues:81:21
  
  - child-compiler.js:211 
    [frontend]/[html-webpack-plugin]/lib/child-compiler.js:211:18
  
  - Compiler.js:648 finalCallback
    [frontend]/[webpack]/lib/Compiler.js:648:5
  
  - Compiler.js:684 
    [frontend]/[webpack]/lib/Compiler.js:684:11
  
  - Compiler.js:1379 
    [frontend]/[webpack]/lib/Compiler.js:1379:17
  
  
  - Hook.js:21 Hook.CALL_ASYNC_DELEGATE [as _callAsync]
    [frontend]/[tapable]/lib/Hook.js:21:14
  
  - Compiler.js:1375 
    [frontend]/[webpack]/lib/Compiler.js:1375:33
  
  - Compilation.js:3183 finalCallback
    [frontend]/[webpack]/lib/Compilation.js:3183:11
  
  - Compilation.js:3521 
    [frontend]/[webpack]/lib/Compilation.js:3521:11
  
  
  - Hook.js:21 Hook.CALL_ASYNC_DELEGATE [as _callAsync]
    [frontend]/[tapable]/lib/Hook.js:21:14
  
  - Compilation.js:3514 
    [frontend]/[webpack]/lib/Compilation.js:3514:38
  
  
  - Compilation.js:653 
    [frontend]/[webpack]/lib/Compilation.js:653:11
  
  - SourceMapDevToolPlugin.js:635 
    [frontend]/[webpack]/lib/SourceMapDevToolPlugin.js:635:10
  
  - async.js:2830 
    [frontend]/[neo-async]/async.js:2830:7
  
  - async.js:2857 Object.each
    [frontend]/[neo-async]/async.js:2857:9
  
[39m[22m

[1m[31m1 ERROR in child compilations (Use 'stats.children: true' resp. '--stats-children' for more details)[39m[22m
webpack compiled with [1m[31m6 errors[39m[22m
Compiling...
Failed to compile.

Module not found: Error: Can't resolve 'D:\helpdesk-system\frontend\node_modules\@pmmmwh\react-refresh-webpack-plugin\client\ReactRefreshEntry.js' in 'D:\helpdesk-system\frontend'
[1m[31mERROR[39m[22m in [1mModule [1m[31mnot found[39m[22m[1m: [1m[31mError[39m[22m[1m: Can't resolve 'D:\helpdesk-system\frontend\node_modules\@pmmmwh\react-refresh-webpack-plugin\client\ReactRefreshEntry.js' in 'D:\helpdesk-system\frontend'[39m[22m

[1m[31mERROR[39m[22m in [1m[32mmain[39m[22m
[1mModule [1m[31mnot found[39m[22m[1m: [1m[31mError[39m[22m[1m: Can't resolve 'D:\helpdesk-system\frontend\node_modules\babel-loader\lib\index.js' in 'D:\helpdesk-system\frontend'[39m[22m

[1m[31mERROR[39m[22m in [1mModule [1m[31mnot found[39m[22m[1m: [1m[31mError[39m[22m[1m: Can't resolve 'D:\helpdesk-system\frontend\node_modules\webpack-dev-server\client\index.js?protocol=ws%3A&hostname=0.0.0.0&port=3000&pathname=%2Fws&logging=none&overlay=%7B%22errors%22%3Atrue%2C%22warnings%22%3Afalse%7D&reconnect=10&hot=true&live-reload=true' in 'D:\helpdesk-system\frontend'[39m[22m

[1m[31mERROR[39m[22m in [1mModule [1m[31mnot found[39m[22m[1m: [1m[31mError[39m[22m[1m: Can't resolve 'D:\helpdesk-system\frontend\node_modules\webpack\hot\dev-server.js' in 'D:\helpdesk-system\frontend'[39m[22m

[1m[31mERROR[39m[22m in [1m  [1m[31mError[39m[22m[1m: Child compilation [1m[31mfailed[39m[22m[1m:
  Module [1m[31mnot found[39m[22m[1m: [1m[31mError[39m[22m[1m: Can't resolve 'D:\helpdesk-system\frontend\node_modul  es\html-webpack-plugin\lib\loader.js' in 'D:\helpdesk-system\frontend'
  ModuleNotFoundError: Module [1m[31mnot found[39m[22m[1m: [1m[31mError[39m[22m[1m: Can't resolve 'D:\helpdesk-syste  m\frontend\node_modules\html-webpack-plugin\lib\loader.js' in 'D:\helpdesk-sys  tem\frontend'
      at D:\helpdesk-system\frontend\node_modules\webpack\lib\Compilation.js:207  3:28
      at D:\helpdesk-system\frontend\node_modules\webpack\lib\NormalModuleFactor  y.js:1041:13
      at eval (eval at create (D:\helpdesk-system\frontend\node_modules\tapable\  lib\HookCodeFactory.js:31:10), <anonymous>:10:1)
      at D:\helpdesk-system\frontend\node_modules\webpack\lib\NormalModuleFactor  y.js:437:22
      at eval (eval at create (D:\helpdesk-system\frontend\node_modules\tapable\  lib\HookCodeFactory.js:31:10), <anonymous>:9:1)
      at D:\helpdesk-system\frontend\node_modules\webpack\lib\NormalModuleFactor  y.js:622:22
      at D:\helpdesk-system\frontend\node_modules\webpack\lib\NormalModuleFactor  y.js:181:10
      at D:\helpdesk-system\frontend\node_modules\webpack\lib\NormalModuleFactor  y.js:856:23
      at D:\helpdesk-system\frontend\node_modules\webpack\lib\NormalModuleFactor  y.js:1351:5
      at D:\helpdesk-system\frontend\node_modules\neo-async\async.js:2830:7
      at done (D:\helpdesk-system\frontend\node_modules\neo-async\async.js:2925:  13)
      at D:\helpdesk-system\frontend\node_modules\webpack\lib\NormalModuleFactor  y.js:1310:10
      at finishWithoutResolve (D:\helpdesk-system\frontend\node_modules\enhanced  -resolve\lib\Resolver.js:590:11)
      at D:\helpdesk-system\frontend\node_modules\enhanced-resolve\lib\Resolver.  js:679:14
      at D:\helpdesk-system\frontend\node_modules\enhanced-resolve\lib\Resolver.  js:740:5
      at eval (eval at create (D:\helpdesk-system\frontend\node_modules\tapable\  lib\HookCodeFactory.js:31:10), <anonymous>:16:1)
      at D:\helpdesk-system\frontend\node_modules\enhanced-resolve\lib\Resolver.  js:740:5
      at eval (eval at create (D:\helpdesk-system\frontend\node_modules\tapable\  lib\HookCodeFactory.js:31:10), <anonymous>:27:1)
      at D:\helpdesk-system\frontend\node_modules\enhanced-resolve\lib\Descripti  onFilePlugin.js:89:43
      at D:\helpdesk-system\frontend\node_modules\enhanced-resolve\lib\Resolver.  js:740:5
      at eval (eval at create (D:\helpdesk-system\frontend\node_modules\tapable\  lib\HookCodeFactory.js:31:10), <anonymous>:15:1)
      at D:\helpdesk-system\frontend\node_modules\enhanced-resolve\lib\Resolver.  js:740:5
      at eval (eval at create (D:\helpdesk-system\frontend\node_modules\tapable\  lib\HookCodeFactory.js:31:10), <anonymous>:15:1)
      at D:\helpdesk-system\frontend\node_modules\enhanced-resolve\lib\Resolver.  js:740:5
      at eval (eval at create (D:\helpdesk-system\frontend\node_modules\tapable\  lib\HookCodeFactory.js:31:10), <anonymous>:16:1)
      at D:\helpdesk-system\frontend\node_modules\enhanced-resolve\lib\Resolver.  js:740:5
      at eval (eval at create (D:\helpdesk-system\frontend\node_modules\tapable\  lib\HookCodeFactory.js:31:10), <anonymous>:27:1)
      at D:\helpdesk-system\frontend\node_modules\enhanced-resolve\lib\Descripti  onFilePlugin.js:89:43
      at D:\helpdesk-system\frontend\node_modules\enhanced-resolve\lib\Resolver.  js:740:5
      at eval (eval at create (D:\helpdesk-system\frontend\node_modules\tapable\  lib\HookCodeFactory.js:31:10), <anonymous>:16:1)
      at D:\helpdesk-system\frontend\node_modules\enhanced-resolve\lib\Resolver.  js:740:5
      at eval (eval at create (D:\helpdesk-system\frontend\node_modules\tapable\  lib\HookCodeFactory.js:31:10), <anonymous>:15:1)
      at D:\helpdesk-system\frontend\node_modules\enhanced-resolve\lib\Directory  ExistsPlugin.js:43:15
      at process.processTicksAndRejections (node:internal/process/task_queues:81  :21)
  
  - Compilation.js:2073 
    [frontend]/[webpack]/lib/Compilation.js:2073:28
  
  - NormalModuleFactory.js:1041 
    [frontend]/[webpack]/lib/NormalModuleFactory.js:1041:13
  
  
  - NormalModuleFactory.js:437 
    [frontend]/[webpack]/lib/NormalModuleFactory.js:437:22
  
  
  - NormalModuleFactory.js:622 
    [frontend]/[webpack]/lib/NormalModuleFactory.js:622:22
  
  - NormalModuleFactory.js:181 
    [frontend]/[webpack]/lib/NormalModuleFactory.js:181:10
  
  - NormalModuleFactory.js:856 
    [frontend]/[webpack]/lib/NormalModuleFactory.js:856:23
  
  - NormalModuleFactory.js:1351 
    [frontend]/[webpack]/lib/NormalModuleFactory.js:1351:5
  
  - async.js:2830 
    [frontend]/[neo-async]/async.js:2830:7
  
  - async.js:2925 done
    [frontend]/[neo-async]/async.js:2925:13
  
  - NormalModuleFactory.js:1310 
    [frontend]/[webpack]/lib/NormalModuleFactory.js:1310:10
  
  - Resolver.js:590 finishWithoutResolve
    [frontend]/[enhanced-resolve]/lib/Resolver.js:590:11
  
  - Resolver.js:679 
    [frontend]/[enhanced-resolve]/lib/Resolver.js:679:14
  
  - Resolver.js:740 
    [frontend]/[enhanced-resolve]/lib/Resolver.js:740:5
  
  
  - Resolver.js:740 
    [frontend]/[enhanced-resolve]/lib/Resolver.js:740:5
  
  
  - DescriptionFilePlugin.js:89 
    [frontend]/[enhanced-resolve]/lib/DescriptionFilePlugin.js:89:43
  
  - Resolver.js:740 
    [frontend]/[enhanced-resolve]/lib/Resolver.js:740:5
  
  
  - Resolver.js:740 
    [frontend]/[enhanced-resolve]/lib/Resolver.js:740:5
  
  
  - Resolver.js:740 
    [frontend]/[enhanced-resolve]/lib/Resolver.js:740:5
  
  
  - Resolver.js:740 
    [frontend]/[enhanced-resolve]/lib/Resolver.js:740:5
  
  
  - DescriptionFilePlugin.js:89 
    [frontend]/[enhanced-resolve]/lib/DescriptionFilePlugin.js:89:43
  
  - Resolver.js:740 
    [frontend]/[enhanced-resolve]/lib/Resolver.js:740:5
  
  
  - Resolver.js:740 
    [frontend]/[enhanced-resolve]/lib/Resolver.js:740:5
  
  
  - DirectoryExistsPlugin.js:43 
    [frontend]/[enhanced-resolve]/lib/DirectoryExistsPlugin.js:43:15
  
  - task_queues:81 process.processTicksAndRejections
    node:internal/process/task_queues:81:21
  
  - child-compiler.js:211 
    [frontend]/[html-webpack-plugin]/lib/child-compiler.js:211:18
  
  - Compiler.js:648 finalCallback
    [frontend]/[webpack]/lib/Compiler.js:648:5
  
  - Compiler.js:684 
    [frontend]/[webpack]/lib/Compiler.js:684:11
  
  - Compiler.js:1379 
    [frontend]/[webpack]/lib/Compiler.js:1379:17
  
  
  - Hook.js:21 Hook.CALL_ASYNC_DELEGATE [as _callAsync]
    [frontend]/[tapable]/lib/Hook.js:21:14
  
  - Compiler.js:1375 
    [frontend]/[webpack]/lib/Compiler.js:1375:33
  
  - Compilation.js:3183 finalCallback
    [frontend]/[webpack]/lib/Compilation.js:3183:11
  
  - Compilation.js:3521 
    [frontend]/[webpack]/lib/Compilation.js:3521:11
  
  
  - Hook.js:21 Hook.CALL_ASYNC_DELEGATE [as _callAsync]
    [frontend]/[tapable]/lib/Hook.js:21:14
  
  - Compilation.js:3514 
    [frontend]/[webpack]/lib/Compilation.js:3514:38
  
  
  - Compilation.js:653 
    [frontend]/[webpack]/lib/Compilation.js:653:11
  
  - SourceMapDevToolPlugin.js:635 
    [frontend]/[webpack]/lib/SourceMapDevToolPlugin.js:635:10
  
  - async.js:2830 
    [frontend]/[neo-async]/async.js:2830:7
  
  - async.js:2857 Object.each
    [frontend]/[neo-async]/async.js:2857:9
  
[39m[22m

webpack compiled with [1m[31m5 errors[39m[22m
Compiling...
Failed to compile.

Module not found: Error: Can't resolve 'D:\helpdesk-system\frontend\node_modules\@pmmmwh\react-refresh-webpack-plugin\client\ReactRefreshEntry.js' in 'D:\helpdesk-system\frontend'
[1m[31mERROR[39m[22m in [1mModule [1m[31mnot found[39m[22m[1m: [1m[31mError[39m[22m[1m: Can't resolve 'D:\helpdesk-system\frontend\node_modules\@pmmmwh\react-refresh-webpack-plugin\client\ReactRefreshEntry.js' in 'D:\helpdesk-system\frontend'[39m[22m

[1m[31mERROR[39m[22m in [1m[32mmain[39m[22m
[1mModule [1m[31mnot found[39m[22m[1m: [1m[31mError[39m[22m[1m: Can't resolve 'D:\helpdesk-system\frontend\node_modules\babel-loader\lib\index.js' in 'D:\helpdesk-system\frontend'[39m[22m

[1m[31mERROR[39m[22m in [1mModule [1m[31mnot found[39m[22m[1m: [1m[31mError[39m[22m[1m: Can't resolve 'D:\helpdesk-system\frontend\node_modules\webpack-dev-server\client\index.js?protocol=ws%3A&hostname=0.0.0.0&port=3000&pathname=%2Fws&logging=none&overlay=%7B%22errors%22%3Atrue%2C%22warnings%22%3Afalse%7D&reconnect=10&hot=true&live-reload=true' in 'D:\helpdesk-system\frontend'[39m[22m

[1m[31mERROR[39m[22m in [1mModule [1m[31mnot found[39m[22m[1m: [1m[31mError[39m[22m[1m: Can't resolve 'D:\helpdesk-system\frontend\node_modules\webpack\hot\dev-server.js' in 'D:\helpdesk-system\frontend'[39m[22m

[1m[31mERROR[39m[22m in [1m  [1m[31mError[39m[22m[1m: Child compilation [1m[31mfailed[39m[22m[1m:
  Module [1m[31mnot found[39m[22m[1m: [1m[31mError[39m[22m[1m: Can't resolve 'D:\helpdesk-system\frontend\node_modul  es\html-webpack-plugin\lib\loader.js' in 'D:\helpdesk-system\frontend'
  ModuleNotFoundError: Module [1m[31mnot found[39m[22m[1m: [1m[31mError[39m[22m[1m: Can't resolve 'D:\helpdesk-syste  m\frontend\node_modules\html-webpack-plugin\lib\loader.js' in 'D:\helpdesk-sys  tem\frontend'
      at D:\helpdesk-system\frontend\node_modules\webpack\lib\Compilation.js:207  3:28
      at D:\helpdesk-system\frontend\node_modules\webpack\lib\NormalModuleFactor  y.js:1041:13
      at eval (eval at create (D:\helpdesk-system\frontend\node_modules\tapable\  lib\HookCodeFactory.js:31:10), <anonymous>:10:1)
      at D:\helpdesk-system\frontend\node_modules\webpack\lib\NormalModuleFactor  y.js:437:22
      at eval (eval at create (D:\helpdesk-system\frontend\node_modules\tapable\  lib\HookCodeFactory.js:31:10), <anonymous>:9:1)
      at D:\helpdesk-system\frontend\node_modules\webpack\lib\NormalModuleFactor  y.js:622:22
      at D:\helpdesk-system\frontend\node_modules\webpack\lib\NormalModuleFactor  y.js:181:10
      at D:\helpdesk-system\frontend\node_modules\webpack\lib\NormalModuleFactor  y.js:856:23
      at D:\helpdesk-system\frontend\node_modules\webpack\lib\NormalModuleFactor  y.js:1351:5
      at D:\helpdesk-system\frontend\node_modules\neo-async\async.js:2830:7
      at done (D:\helpdesk-system\frontend\node_modules\neo-async\async.js:2925:  13)
      at D:\helpdesk-system\frontend\node_modules\webpack\lib\NormalModuleFactor  y.js:1310:10
      at finishWithoutResolve (D:\helpdesk-system\frontend\node_modules\enhanced  -resolve\lib\Resolver.js:590:11)
      at D:\helpdesk-system\frontend\node_modules\enhanced-resolve\lib\Resolver.  js:679:14
      at D:\helpdesk-system\frontend\node_modules\enhanced-resolve\lib\Resolver.  js:740:5
      at eval (eval at create (D:\helpdesk-system\frontend\node_modules\tapable\  lib\HookCodeFactory.js:31:10), <anonymous>:16:1)
      at D:\helpdesk-system\frontend\node_modules\enhanced-resolve\lib\Resolver.  js:740:5
      at eval (eval at create (D:\helpdesk-system\frontend\node_modules\tapable\  lib\HookCodeFactory.js:31:10), <anonymous>:27:1)
      at D:\helpdesk-system\frontend\node_modules\enhanced-resolve\lib\Descripti  onFilePlugin.js:89:43
      at D:\helpdesk-system\frontend\node_modules\enhanced-resolve\lib\Resolver.  js:740:5
      at eval (eval at create (D:\helpdesk-system\frontend\node_modules\tapable\  lib\HookCodeFactory.js:31:10), <anonymous>:15:1)
      at D:\helpdesk-system\frontend\node_modules\enhanced-resolve\lib\Resolver.  js:740:5
      at eval (eval at create (D:\helpdesk-system\frontend\node_modules\tapable\  lib\HookCodeFactory.js:31:10), <anonymous>:15:1)
      at D:\helpdesk-system\frontend\node_modules\enhanced-resolve\lib\Resolver.  js:740:5
      at eval (eval at create (D:\helpdesk-system\frontend\node_modules\tapable\  lib\HookCodeFactory.js:31:10), <anonymous>:16:1)
      at D:\helpdesk-system\frontend\node_modules\enhanced-resolve\lib\Resolver.  js:740:5
      at eval (eval at create (D:\helpdesk-system\frontend\node_modules\tapable\  lib\HookCodeFactory.js:31:10), <anonymous>:27:1)
      at D:\helpdesk-system\frontend\node_modules\enhanced-resolve\lib\Descripti  onFilePlugin.js:89:43
      at D:\helpdesk-system\frontend\node_modules\enhanced-resolve\lib\Resolver.  js:740:5
      at eval (eval at create (D:\helpdesk-system\frontend\node_modules\tapable\  lib\HookCodeFactory.js:31:10), <anonymous>:16:1)
      at D:\helpdesk-system\frontend\node_modules\enhanced-resolve\lib\Resolver.  js:740:5
      at eval (eval at create (D:\helpdesk-system\frontend\node_modules\tapable\  lib\HookCodeFactory.js:31:10), <anonymous>:15:1)
      at D:\helpdesk-system\frontend\node_modules\enhanced-resolve\lib\Directory  ExistsPlugin.js:43:15
      at process.processTicksAndRejections (node:internal/process/task_queues:81  :21)
  
  - Compilation.js:2073 
    [frontend]/[webpack]/lib/Compilation.js:2073:28
  
  - NormalModuleFactory.js:1041 
    [frontend]/[webpack]/lib/NormalModuleFactory.js:1041:13
  
  
  - NormalModuleFactory.js:437 
    [frontend]/[webpack]/lib/NormalModuleFactory.js:437:22
  
  
  - NormalModuleFactory.js:622 
    [frontend]/[webpack]/lib/NormalModuleFactory.js:622:22
  
  - NormalModuleFactory.js:181 
    [frontend]/[webpack]/lib/NormalModuleFactory.js:181:10
  
  - NormalModuleFactory.js:856 
    [frontend]/[webpack]/lib/NormalModuleFactory.js:856:23
  
  - NormalModuleFactory.js:1351 
    [frontend]/[webpack]/lib/NormalModuleFactory.js:1351:5
  
  - async.js:2830 
    [frontend]/[neo-async]/async.js:2830:7
  
  - async.js:2925 done
    [frontend]/[neo-async]/async.js:2925:13
  
  - NormalModuleFactory.js:1310 
    [frontend]/[webpack]/lib/NormalModuleFactory.js:1310:10
  
  - Resolver.js:590 finishWithoutResolve
    [frontend]/[enhanced-resolve]/lib/Resolver.js:590:11
  
  - Resolver.js:679 
    [frontend]/[enhanced-resolve]/lib/Resolver.js:679:14
  
  - Resolver.js:740 
    [frontend]/[enhanced-resolve]/lib/Resolver.js:740:5
  
  
  - Resolver.js:740 
    [frontend]/[enhanced-resolve]/lib/Resolver.js:740:5
  
  
  - DescriptionFilePlugin.js:89 
    [frontend]/[enhanced-resolve]/lib/DescriptionFilePlugin.js:89:43
  
  - Resolver.js:740 
    [frontend]/[enhanced-resolve]/lib/Resolver.js:740:5
  
  
  - Resolver.js:740 
    [frontend]/[enhanced-resolve]/lib/Resolver.js:740:5
  
  
  - Resolver.js:740 
    [frontend]/[enhanced-resolve]/lib/Resolver.js:740:5
  
  
  - Resolver.js:740 
    [frontend]/[enhanced-resolve]/lib/Resolver.js:740:5
  
  
  - DescriptionFilePlugin.js:89 
    [frontend]/[enhanced-resolve]/lib/DescriptionFilePlugin.js:89:43
  
  - Resolver.js:740 
    [frontend]/[enhanced-resolve]/lib/Resolver.js:740:5
  
  
  - Resolver.js:740 
    [frontend]/[enhanced-resolve]/lib/Resolver.js:740:5
  
  
  - DirectoryExistsPlugin.js:43 
    [frontend]/[enhanced-resolve]/lib/DirectoryExistsPlugin.js:43:15
  
  - task_queues:81 process.processTicksAndRejections
    node:internal/process/task_queues:81:21
  
  - child-compiler.js:211 
    [frontend]/[html-webpack-plugin]/lib/child-compiler.js:211:18
  
  - Compiler.js:648 finalCallback
    [frontend]/[webpack]/lib/Compiler.js:648:5
  
  - Compiler.js:684 
    [frontend]/[webpack]/lib/Compiler.js:684:11
  
  - Compiler.js:1379 
    [frontend]/[webpack]/lib/Compiler.js:1379:17
  
  
  - Hook.js:21 Hook.CALL_ASYNC_DELEGATE [as _callAsync]
    [frontend]/[tapable]/lib/Hook.js:21:14
  
  - Compiler.js:1375 
    [frontend]/[webpack]/lib/Compiler.js:1375:33
  
  - Compilation.js:3183 finalCallback
    [frontend]/[webpack]/lib/Compilation.js:3183:11
  
  - Compilation.js:3521 
    [frontend]/[webpack]/lib/Compilation.js:3521:11
  
  
  - Hook.js:21 Hook.CALL_ASYNC_DELEGATE [as _callAsync]
    [frontend]/[tapable]/lib/Hook.js:21:14
  
  - Compilation.js:3514 
    [frontend]/[webpack]/lib/Compilation.js:3514:38
  
  
  - Compilation.js:653 
    [frontend]/[webpack]/lib/Compilation.js:653:11
  
  - SourceMapDevToolPlugin.js:635 
    [frontend]/[webpack]/lib/SourceMapDevToolPlugin.js:635:10
  
  - async.js:2830 
    [frontend]/[neo-async]/async.js:2830:7
  
  - async.js:2857 Object.each
    [frontend]/[neo-async]/async.js:2857:9
  
[39m[22m

webpack compiled with [1m[31m5 errors[39m[22m
Compiling...
Failed to compile.

Module not found: Error: Can't resolve 'D:\helpdesk-system\frontend\node_modules\@pmmmwh\react-refresh-webpack-plugin\client\ReactRefreshEntry.js' in 'D:\helpdesk-system\frontend'
[1m[31mERROR[39m[22m in [1mModule [1m[31mnot found[39m[22m[1m: [1m[31mError[39m[22m[1m: Can't resolve 'D:\helpdesk-system\frontend\node_modules\@pmmmwh\react-refresh-webpack-plugin\client\ReactRefreshEntry.js' in 'D:\helpdesk-system\frontend'[39m[22m

[1m[31mERROR[39m[22m in [1m[32mmain[39m[22m
[1mModule [1m[31mnot found[39m[22m[1m: [1m[31mError[39m[22m[1m: Can't resolve 'D:\helpdesk-system\frontend\node_modules\babel-loader\lib\index.js' in 'D:\helpdesk-system\frontend'[39m[22m

[1m[31mERROR[39m[22m in [1mModule [1m[31mnot found[39m[22m[1m: [1m[31mError[39m[22m[1m: Can't resolve 'D:\helpdesk-system\frontend\node_modules\webpack-dev-server\client\index.js?protocol=ws%3A&hostname=0.0.0.0&port=3000&pathname=%2Fws&logging=none&overlay=%7B%22errors%22%3Atrue%2C%22warnings%22%3Afalse%7D&reconnect=10&hot=true&live-reload=true' in 'D:\helpdesk-system\frontend'[39m[22m

[1m[31mERROR[39m[22m in [1mModule [1m[31mnot found[39m[22m[1m: [1m[31mError[39m[22m[1m: Can't resolve 'D:\helpdesk-system\frontend\node_modules\webpack\hot\dev-server.js' in 'D:\helpdesk-system\frontend'[39m[22m

[1m[31mERROR[39m[22m in [1m  [1m[31mError[39m[22m[1m: Child compilation [1m[31mfailed[39m[22m[1m:
  Module [1m[31mnot found[39m[22m[1m: [1m[31mError[39m[22m[1m: Can't resolve 'D:\helpdesk-system\frontend\node_modul  es\html-webpack-plugin\lib\loader.js' in 'D:\helpdesk-system\frontend'
  ModuleNotFoundError: Module [1m[31mnot found[39m[22m[1m: [1m[31mError[39m[22m[1m: Can't resolve 'D:\helpdesk-syste  m\frontend\node_modules\html-webpack-plugin\lib\loader.js' in 'D:\helpdesk-sys  tem\frontend'
      at D:\helpdesk-system\frontend\node_modules\webpack\lib\Compilation.js:207  3:28
      at D:\helpdesk-system\frontend\node_modules\webpack\lib\NormalModuleFactor  y.js:1041:13
      at eval (eval at create (D:\helpdesk-system\frontend\node_modules\tapable\  lib\HookCodeFactory.js:31:10), <anonymous>:10:1)
      at D:\helpdesk-system\frontend\node_modules\webpack\lib\NormalModuleFactor  y.js:437:22
      at eval (eval at create (D:\helpdesk-system\frontend\node_modules\tapable\  lib\HookCodeFactory.js:31:10), <anonymous>:9:1)
      at D:\helpdesk-system\frontend\node_modules\webpack\lib\NormalModuleFactor  y.js:622:22
      at D:\helpdesk-system\frontend\node_modules\webpack\lib\NormalModuleFactor  y.js:181:10
      at D:\helpdesk-system\frontend\node_modules\webpack\lib\NormalModuleFactor  y.js:856:23
      at D:\helpdesk-system\frontend\node_modules\webpack\lib\NormalModuleFactor  y.js:1351:5
      at D:\helpdesk-system\frontend\node_modules\neo-async\async.js:2830:7
      at done (D:\helpdesk-system\frontend\node_modules\neo-async\async.js:2925:  13)
      at D:\helpdesk-system\frontend\node_modules\webpack\lib\NormalModuleFactor  y.js:1310:10
      at finishWithoutResolve (D:\helpdesk-system\frontend\node_modules\enhanced  -resolve\lib\Resolver.js:590:11)
      at D:\helpdesk-system\frontend\node_modules\enhanced-resolve\lib\Resolver.  js:679:14
      at D:\helpdesk-system\frontend\node_modules\enhanced-resolve\lib\Resolver.  js:740:5
      at eval (eval at create (D:\helpdesk-system\frontend\node_modules\tapable\  lib\HookCodeFactory.js:31:10), <anonymous>:16:1)
      at D:\helpdesk-system\frontend\node_modules\enhanced-resolve\lib\Resolver.  js:740:5
      at eval (eval at create (D:\helpdesk-system\frontend\node_modules\tapable\  lib\HookCodeFactory.js:31:10), <anonymous>:27:1)
      at D:\helpdesk-system\frontend\node_modules\enhanced-resolve\lib\Descripti  onFilePlugin.js:89:43
      at D:\helpdesk-system\frontend\node_modules\enhanced-resolve\lib\Resolver.  js:740:5
      at eval (eval at create (D:\helpdesk-system\frontend\node_modules\tapable\  lib\HookCodeFactory.js:31:10), <anonymous>:15:1)
      at D:\helpdesk-system\frontend\node_modules\enhanced-resolve\lib\Resolver.  js:740:5
      at eval (eval at create (D:\helpdesk-system\frontend\node_modules\tapable\  lib\HookCodeFactory.js:31:10), <anonymous>:15:1)
      at D:\helpdesk-system\frontend\node_modules\enhanced-resolve\lib\Resolver.  js:740:5
      at eval (eval at create (D:\helpdesk-system\frontend\node_modules\tapable\  lib\HookCodeFactory.js:31:10), <anonymous>:16:1)
      at D:\helpdesk-system\frontend\node_modules\enhanced-resolve\lib\Resolver.  js:740:5
      at eval (eval at create (D:\helpdesk-system\frontend\node_modules\tapable\  lib\HookCodeFactory.js:31:10), <anonymous>:27:1)
      at D:\helpdesk-system\frontend\node_modules\enhanced-resolve\lib\Descripti  onFilePlugin.js:89:43
      at D:\helpdesk-system\frontend\node_modules\enhanced-resolve\lib\Resolver.  js:740:5
      at eval (eval at create (D:\helpdesk-system\frontend\node_modules\tapable\  lib\HookCodeFactory.js:31:10), <anonymous>:16:1)
      at D:\helpdesk-system\frontend\node_modules\enhanced-resolve\lib\Resolver.  js:740:5
      at eval (eval at create (D:\helpdesk-system\frontend\node_modules\tapable\  lib\HookCodeFactory.js:31:10), <anonymous>:15:1)
      at D:\helpdesk-system\frontend\node_modules\enhanced-resolve\lib\Directory  ExistsPlugin.js:43:15
      at process.processTicksAndRejections (node:internal/process/task_queues:81  :21)
  
  - Compilation.js:2073 
    [frontend]/[webpack]/lib/Compilation.js:2073:28
  
  - NormalModuleFactory.js:1041 
    [frontend]/[webpack]/lib/NormalModuleFactory.js:1041:13
  
  
  - NormalModuleFactory.js:437 
    [frontend]/[webpack]/lib/NormalModuleFactory.js:437:22
  
  
  - NormalModuleFactory.js:622 
    [frontend]/[webpack]/lib/NormalModuleFactory.js:622:22
  
  - NormalModuleFactory.js:181 
    [frontend]/[webpack]/lib/NormalModuleFactory.js:181:10
  
  - NormalModuleFactory.js:856 
    [frontend]/[webpack]/lib/NormalModuleFactory.js:856:23
  
  - NormalModuleFactory.js:1351 
    [frontend]/[webpack]/lib/NormalModuleFactory.js:1351:5
  
  - async.js:2830 
    [frontend]/[neo-async]/async.js:2830:7
  
  - async.js:2925 done
    [frontend]/[neo-async]/async.js:2925:13
  
  - NormalModuleFactory.js:1310 
    [frontend]/[webpack]/lib/NormalModuleFactory.js:1310:10
  
  - Resolver.js:590 finishWithoutResolve
    [frontend]/[enhanced-resolve]/lib/Resolver.js:590:11
  
  - Resolver.js:679 
    [frontend]/[enhanced-resolve]/lib/Resolver.js:679:14
  
  - Resolver.js:740 
    [frontend]/[enhanced-resolve]/lib/Resolver.js:740:5
  
  
  - Resolver.js:740 
    [frontend]/[enhanced-resolve]/lib/Resolver.js:740:5
  
  
  - DescriptionFilePlugin.js:89 
    [frontend]/[enhanced-resolve]/lib/DescriptionFilePlugin.js:89:43
  
  - Resolver.js:740 
    [frontend]/[enhanced-resolve]/lib/Resolver.js:740:5
  
  
  - Resolver.js:740 
    [frontend]/[enhanced-resolve]/lib/Resolver.js:740:5
  
  
  - Resolver.js:740 
    [frontend]/[enhanced-resolve]/lib/Resolver.js:740:5
  
  
  - Resolver.js:740 
    [frontend]/[enhanced-resolve]/lib/Resolver.js:740:5
  
  
  - DescriptionFilePlugin.js:89 
    [frontend]/[enhanced-resolve]/lib/DescriptionFilePlugin.js:89:43
  
  - Resolver.js:740 
    [frontend]/[enhanced-resolve]/lib/Resolver.js:740:5
  
  
  - Resolver.js:740 
    [frontend]/[enhanced-resolve]/lib/Resolver.js:740:5
  
  
  - DirectoryExistsPlugin.js:43 
    [frontend]/[enhanced-resolve]/lib/DirectoryExistsPlugin.js:43:15
  
  - task_queues:81 process.processTicksAndRejections
    node:internal/process/task_queues:81:21
  
  - child-compiler.js:211 
    [frontend]/[html-webpack-plugin]/lib/child-compiler.js:211:18
  
  - Compiler.js:648 finalCallback
    [frontend]/[webpack]/lib/Compiler.js:648:5
  
  - Compiler.js:684 
    [frontend]/[webpack]/lib/Compiler.js:684:11
  
  - Compiler.js:1379 
    [frontend]/[webpack]/lib/Compiler.js:1379:17
  
  
  - Hook.js:21 Hook.CALL_ASYNC_DELEGATE [as _callAsync]
    [frontend]/[tapable]/lib/Hook.js:21:14
  
  - Compiler.js:1375 
    [frontend]/[webpack]/lib/Compiler.js:1375:33
  
  - Compilation.js:3183 finalCallback
    [frontend]/[webpack]/lib/Compilation.js:3183:11
  
  - Compilation.js:3521 
    [frontend]/[webpack]/lib/Compilation.js:3521:11
  
  
  - Hook.js:21 Hook.CALL_ASYNC_DELEGATE [as _callAsync]
    [frontend]/[tapable]/lib/Hook.js:21:14
  
  - Compilation.js:3514 
    [frontend]/[webpack]/lib/Compilation.js:3514:38
  
  
  - Compilation.js:653 
    [frontend]/[webpack]/lib/Compilation.js:653:11
  
  - SourceMapDevToolPlugin.js:635 
    [frontend]/[webpack]/lib/SourceMapDevToolPlugin.js:635:10
  
  - async.js:2830 
    [frontend]/[neo-async]/async.js:2830:7
  
  - async.js:2857 Object.each
    [frontend]/[neo-async]/async.js:2857:9
  
[39m[22m

webpack compiled with [1m[31m5 errors[39m[22m
Compiling...
Failed to compile.

Module not found: Error: Can't resolve 'D:\helpdesk-system\frontend\node_modules\@pmmmwh\react-refresh-webpack-plugin\lib\runtime\RefreshUtils.js' in 'D:\helpdesk-system\frontend\src'
[1mLOG from webpack.FileSystemInfo[39m[22m
<w> [1m[33mManaged item D:\helpdesk-system\frontend\node_modules\babel-loader isn't a directory or doesn't contain a package.json (see snapshot.managedPaths option)[39m[22m
<w> [1m[33mManaged item D:\helpdesk-system\frontend\node_modules\webpack-dev-server isn't a directory or doesn't contain a package.json (see snapshot.managedPaths option)[39m[22m
<w> [1m[33mManaged item D:\helpdesk-system\frontend\node_modules\source-map-loader isn't a directory or doesn't contain a package.json (see snapshot.managedPaths option)[39m[22m
<w> [1m[33mManaged item D:\helpdesk-system\frontend\node_modules\webpack isn't a directory or doesn't contain a package.json (see snapshot.managedPaths option)[39m[22m
<w> [1m[33mManaged item D:\helpdesk-system\frontend\node_modules\html-webpack-plugin isn't a directory or doesn't contain a package.json (see snapshot.managedPaths option)[39m[22m
<w> [1m[33mManaged item D:\helpdesk-system\frontend\node_modules\core-js-pure isn't a directory or doesn't contain a package.json (see snapshot.managedPaths option)[39m[22m
<w> [1m[33mManaged item D:\helpdesk-system\frontend\node_modules\lucide-react isn't a directory or doesn't contain a package.json (see snapshot.managedPaths option)[39m[22m
+ 47 hidden lines

[1m[31mERROR[39m[22m in [1m./src/App.js[39m[22m [1m[32m283:37-60[39m[22m
[1mModule [1m[31mnot found[39m[22m[1m: [1m[31mError[39m[22m[1m: Can't resolve 'D:\helpdesk-system\frontend\node_modules\@pmmmwh\react-refresh-webpack-plugin\lib\runtime\RefreshUtils.js' in 'D:\helpdesk-system\frontend\src'[39m[22m

[1m[31mERROR[39m[22m in [1m./src/components/AdminLayout.js[39m[22m [1m[32m67:37-60[39m[22m
[1mModule [1m[31mnot found[39m[22m[1m: [1m[31mError[39m[22m[1m: Can't resolve 'D:\helpdesk-system\frontend\node_modules\@pmmmwh\react-refresh-webpack-plugin\lib\runtime\RefreshUtils.js' in 'D:\helpdesk-system\frontend\src\components'[39m[22m

[1m[31mERROR[39m[22m in [1m./src/components/AdminSidebar.js[39m[22m [1m[32m183:37-60[39m[22m
[1mModule [1m[31mnot found[39m[22m[1m: [1m[31mError[39m[22m[1m: Can't resolve 'D:\helpdesk-system\frontend\node_modules\@pmmmwh\react-refresh-webpack-plugin\lib\runtime\RefreshUtils.js' in 'D:\helpdesk-system\frontend\src\components'[39m[22m

[1m[31mERROR[39m[22m in [1m./src/components/Footer.js[39m[22m [1m[32m118:37-60[39m[22m
[1mModule [1m[31mnot found[39m[22m[1m: [1m[31mError[39m[22m[1m: Can't resolve 'D:\helpdesk-system\frontend\node_modules\@pmmmwh\react-refresh-webpack-plugin\lib\runtime\RefreshUtils.js' in 'D:\helpdesk-system\frontend\src\components'[39m[22m

[1m[31mERROR[39m[22m in [1m./src/components/Navbar.js[39m[22m [1m[32m7:0-54[39m[22m
[1mModule [1m[31mnot found[39m[22m[1m: [1m[31mError[39m[22m[1m: Can't resolve 'lucide-react' in 'D:\helpdesk-system\frontend\src\components'[39m[22m

[1m[31mERROR[39m[22m in [1m./src/components/Navbar.js[39m[22m [1m[32m231:37-60[39m[22m
[1mModule [1m[31mnot found[39m[22m[1m: [1m[31mError[39m[22m[1m: Can't resolve 'D:\helpdesk-system\frontend\node_modules\@pmmmwh\react-refresh-webpack-plugin\lib\runtime\RefreshUtils.js' in 'D:\helpdesk-system\frontend\src\components'[39m[22m

[1m[31mERROR[39m[22m in [1m./src/components/ProtectedRoute.js[39m[22m [1m[32m43:37-60[39m[22m
[1mModule [1m[31mnot found[39m[22m[1m: [1m[31mError[39m[22m[1m: Can't resolve 'D:\helpdesk-system\frontend\node_modules\@pmmmwh\react-refresh-webpack-plugin\lib\runtime\RefreshUtils.js' in 'D:\helpdesk-system\frontend\src\components'[39m[22m

[1m[31mERROR[39m[22m in [1m./src/components/Sidebar.js[39m[22m [1m[32m119:37-60[39m[22m
[1mModule [1m[31mnot found[39m[22m[1m: [1m[31mError[39m[22m[1m: Can't resolve 'D:\helpdesk-system\frontend\node_modules\@pmmmwh\react-refresh-webpack-plugin\lib\runtime\RefreshUtils.js' in 'D:\helpdesk-system\frontend\src\components'[39m[22m

[1m[31mERROR[39m[22m in [1m./src/components/TechnicianSidebar.js[39m[22m [1m[32m159:37-60[39m[22m
[1mModule [1m[31mnot found[39m[22m[1m: [1m[31mError[39m[22m[1m: Can't resolve 'D:\helpdesk-system\frontend\node_modules\@pmmmwh\react-refresh-webpack-plugin\lib\runtime\RefreshUtils.js' in 'D:\helpdesk-system\frontend\src\components'[39m[22m

[1m[31mERROR[39m[22m in [1m./src/components/catalogue/ResourceFilters.js[39m[22m [1m[32m213:37-60[39m[22m
[1mModule [1m[31mnot found[39m[22m[1m: [1m[31mError[39m[22m[1m: Can't resolve 'D:\helpdesk-system\frontend\node_modules\@pmmmwh\react-refresh-webpack-plugin\lib\runtime\RefreshUtils.js' in 'D:\helpdesk-system\frontend\src\components\catalogue'[39m[22m

[1m[31mERROR[39m[22m in [1m./src/index.js[39m[22m [1m[32m29:37-60[39m[22m
[1mModule [1m[31mnot found[39m[22m[1m: [1m[31mError[39m[22m[1m: Can't resolve 'D:\helpdesk-system\frontend\node_modules\@pmmmwh\react-refresh-webpack-plugin\lib\runtime\RefreshUtils.js' in 'D:\helpdesk-system\frontend\src'[39m[22m

[1m[31mERROR[39m[22m in [1m./src/pages/AccessDenied.js[39m[22m [1m[32m97:37-60[39m[22m
[1mModule [1m[31mnot found[39m[22m[1m: [1m[31mError[39m[22m[1m: Can't resolve 'D:\helpdesk-system\frontend\node_modules\@pmmmwh\react-refresh-webpack-plugin\lib\runtime\RefreshUtils.js' in 'D:\helpdesk-system\frontend\src\pages'[39m[22m

[1m[31mERROR[39m[22m in [1m./src/pages/AdminDashboard.js[39m[22m [1m[32m403:37-60[39m[22m
[1mModule [1m[31mnot found[39m[22m[1m: [1m[31mError[39m[22m[1m: Can't resolve 'D:\helpdesk-system\frontend\node_modules\@pmmmwh\react-refresh-webpack-plugin\lib\runtime\RefreshUtils.js' in 'D:\helpdesk-system\frontend\src\pages'[39m[22m

[1m[31mERROR[39m[22m in [1m./src/pages/AdminUserManagement.js[39m[22m [1m[32m1482:37-60[39m[22m
[1mModule [1m[31mnot found[39m[22m[1m: [1m[31mError[39m[22m[1m: Can't resolve 'D:\helpdesk-system\frontend\node_modules\@pmmmwh\react-refresh-webpack-plugin\lib\runtime\RefreshUtils.js' in 'D:\helpdesk-system\frontend\src\pages'[39m[22m

[1m[31mERROR[39m[22m in [1m./src/pages/Home.js[39m[22m [1m[32m490:37-60[39m[22m
[1mModule [1m[31mnot found[39m[22m[1m: [1m[31mError[39m[22m[1m: Can't resolve 'D:\helpdesk-system\frontend\node_modules\@pmmmwh\react-refresh-webpack-plugin\lib\runtime\RefreshUtils.js' in 'D:\helpdesk-system\frontend\src\pages'[39m[22m

[1m[31mERROR[39m[22m in [1m./src/pages/Login.js[39m[22m [1m[32m334:37-60[39m[22m
[1mModule [1m[31mnot found[39m[22m[1m: [1m[31mError[39m[22m[1m: Can't resolve 'D:\helpdesk-system\frontend\node_modules\@pmmmwh\react-refresh-webpack-plugin\lib\runtime\RefreshUtils.js' in 'D:\helpdesk-system\frontend\src\pages'[39m[22m

[1m[31mERROR[39m[22m in [1m./src/pages/OAuth2RedirectHandler.js[39m[22m [1m[32m359:37-60[39m[22m
[1mModule [1m[31mnot found[39m[22m[1m: [1m[31mError[39m[22m[1m: Can't resolve 'D:\helpdesk-system\frontend\node_modules\@pmmmwh\react-refresh-webpack-plugin\lib\runtime\RefreshUtils.js' in 'D:\helpdesk-system\frontend\src\pages'[39m[22m

[1m[31mERROR[39m[22m in [1m./src/pages/Register.js[39m[22m [1m[32m361:37-60[39m[22m
[1mModule [1m[31mnot found[39m[22m[1m: [1m[31mError[39m[22m[1m: Can't resolve 'D:\helpdesk-system\frontend\node_modules\@pmmmwh\react-refresh-webpack-plugin\lib\runtime\RefreshUtils.js' in 'D:\helpdesk-system\frontend\src\pages'[39m[22m

[1m[31mERROR[39m[22m in [1m./src/pages/ResourceFormPage.jsx[39m[22m [1m[32m963:37-60[39m[22m
[1mModule [1m[31mnot found[39m[22m[1m: [1m[31mError[39m[22m[1m: Can't resolve 'D:\helpdesk-system\frontend\node_modules\@pmmmwh\react-refresh-webpack-plugin\lib\runtime\RefreshUtils.js' in 'D:\helpdesk-system\frontend\src\pages'[39m[22m

[1m[31mERROR[39m[22m in [1m./src/pages/ResourceListPage.jsx[39m[22m [1m[32m799:37-60[39m[22m
[1mModule [1m[31mnot found[39m[22m[1m: [1m[31mError[39m[22m[1m: Can't resolve 'D:\helpdesk-system\frontend\node_modules\@pmmmwh\react-refresh-webpack-plugin\lib\runtime\RefreshUtils.js' in 'D:\helpdesk-system\frontend\src\pages'[39m[22m

[1m[31mERROR[39m[22m in [1m./src/pages/UserDashboard.js[39m[22m [1m[32m719:37-60[39m[22m
[1mModule [1m[31mnot found[39m[22m[1m: [1m[31mError[39m[22m[1m: Can't resolve 'D:\helpdesk-system\frontend\node_modules\@pmmmwh\react-refresh-webpack-plugin\lib\runtime\RefreshUtils.js' in 'D:\helpdesk-system\frontend\src\pages'[39m[22m

[1m[31mERROR[39m[22m in [1m./src/pages/UserProfile.js[39m[22m [1m[32m520:37-60[39m[22m
[1mModule [1m[31mnot found[39m[22m[1m: [1m[31mError[39m[22m[1m: Can't resolve 'D:\helpdesk-system\frontend\node_modules\@pmmmwh\react-refresh-webpack-plugin\lib\runtime\RefreshUtils.js' in 'D:\helpdesk-system\frontend\src\pages'[39m[22m

[1m[31mERROR[39m[22m in [1m./src/pages/UserResourceCatalogue.js[39m[22m [1m[32m401:37-60[39m[22m
[1mModule [1m[31mnot found[39m[22m[1m: [1m[31mError[39m[22m[1m: Can't resolve 'D:\helpdesk-system\frontend\node_modules\@pmmmwh\react-refresh-webpack-plugin\lib\runtime\RefreshUtils.js' in 'D:\helpdesk-system\frontend\src\pages'[39m[22m

[1m[31mERROR[39m[22m in [1m./src/reportWebVitals.js[39m[22m [1m[32m23:37-60[39m[22m
[1mModule [1m[31mnot found[39m[22m[1m: [1m[31mError[39m[22m[1m: Can't resolve 'D:\helpdesk-system\frontend\node_modules\@pmmmwh\react-refresh-webpack-plugin\lib\runtime\RefreshUtils.js' in 'D:\helpdesk-system\frontend\src'[39m[22m

[1m[31mERROR[39m[22m in [1m./src/services/api.js[39m[22m [1m[32m70:37-60[39m[22m
[1mModule [1m[31mnot found[39m[22m[1m: [1m[31mError[39m[22m[1m: Can't resolve 'D:\helpdesk-system\frontend\node_modules\@pmmmwh\react-refresh-webpack-plugin\lib\runtime\RefreshUtils.js' in 'D:\helpdesk-system\frontend\src\services'[39m[22m

[1m[31mERROR[39m[22m in [1m./src/utils/api.js[39m[22m [1m[32m36:37-60[39m[22m
[1mModule [1m[31mnot found[39m[22m[1m: [1m[31mError[39m[22m[1m: Can't resolve 'D:\helpdesk-system\frontend\node_modules\@pmmmwh\react-refresh-webpack-plugin\lib\runtime\RefreshUtils.js' in 'D:\helpdesk-system\frontend\src\utils'[39m[22m

[1m[31mERROR[39m[22m in [1m./node_modules/@pmmmwh/react-refresh-webpack-plugin/client/ReactRefreshEntry.js[39m[22m [1m[32m3:17-61[39m[22m
[1mModule [1m[31mnot found[39m[22m[1m: [1m[31mError[39m[22m[1m: Can't resolve 'core-js-pure/features/global-this' in 'D:\helpdesk-system\frontend\node_modules\@pmmmwh\react-refresh-webpack-plugin\client'[39m[22m

[1m[31mERROR[39m[22m in [1mModule [1m[31mnot found[39m[22m[1m: [1m[31mError[39m[22m[1m: Can't resolve 'D:\helpdesk-system\frontend\node_modules\webpack-dev-server\client\index.js?protocol=ws%3A&hostname=0.0.0.0&port=3000&pathname=%2Fws&logging=none&overlay=%7B%22errors%22%3Atrue%2C%22warnings%22%3Afalse%7D&reconnect=10&hot=true&live-reload=true' in 'D:\helpdesk-system\frontend'[39m[22m

[1m[31mERROR[39m[22m in [1mModule [1m[31mnot found[39m[22m[1m: [1m[31mError[39m[22m[1m: Can't resolve 'D:\helpdesk-system\frontend\node_modules\webpack\hot\dev-server.js' in 'D:\helpdesk-system\frontend'[39m[22m

[1m[31mERROR[39m[22m in [1m./src/App.js[39m[22m
[1mCannot read properties of undefined (reading 'module')[39m[22m

[1m[31mERROR[39m[22m in [1m./src/components/AdminLayout.js[39m[22m
[1mCannot read properties of undefined (reading 'module')[39m[22m

[1m[31mERROR[39m[22m in [1m./src/components/AdminSidebar.js[39m[22m
[1mCannot read properties of undefined (reading 'module')[39m[22m

[1m[31mERROR[39m[22m in [1m./src/components/Footer.js[39m[22m
[1mCannot read properties of undefined (reading 'module')[39m[22m

[1m[31mERROR[39m[22m in [1m./src/components/Navbar.js[39m[22m
[1mCannot read properties of undefined (reading 'module')[39m[22m

[1m[31mERROR[39m[22m in [1m./src/components/ProtectedRoute.js[39m[22m
[1mCannot read properties of undefined (reading 'module')[39m[22m

[1m[31mERROR[39m[22m in [1m./src/components/Sidebar.js[39m[22m
[1mCannot read properties of undefined (reading 'module')[39m[22m

[1m[31mERROR[39m[22m in [1m./src/components/TechnicianSidebar.js[39m[22m
[1mCannot read properties of undefined (reading 'module')[39m[22m

[1m[31mERROR[39m[22m in [1m./src/components/catalogue/ResourceFilters.js[39m[22m
[1mCannot read properties of undefined (reading 'module')[39m[22m

[1m[31mERROR[39m[22m in [1m./src/index.js[39m[22m
[1mCannot read properties of undefined (reading 'module')[39m[22m

[1m[31mERROR[39m[22m in [1m./src/pages/AccessDenied.js[39m[22m
[1mCannot read properties of undefined (reading 'module')[39m[22m

[1m[31mERROR[39m[22m in [1m./src/pages/AdminDashboard.js[39m[22m
[1mCannot read properties of undefined (reading 'module')[39m[22m

[1m[31mERROR[39m[22m in [1m./src/pages/AdminUserManagement.js[39m[22m
[1mCannot read properties of undefined (reading 'module')[39m[22m

[1m[31mERROR[39m[22m in [1m./src/pages/Home.js[39m[22m
[1mCannot read properties of undefined (reading 'module')[39m[22m

[1m[31mERROR[39m[22m in [1m./src/pages/Login.js[39m[22m
[1mCannot read properties of undefined (reading 'module')[39m[22m

[1m[31mERROR[39m[22m in [1m./src/pages/OAuth2RedirectHandler.js[39m[22m
[1mCannot read properties of undefined (reading 'module')[39m[22m

[1m[31mERROR[39m[22m in [1m./src/pages/Register.js[39m[22m
[1mCannot read properties of undefined (reading 'module')[39m[22m

[1m[31mERROR[39m[22m in [1m./src/pages/ResourceFormPage.jsx[39m[22m
[1mCannot read properties of undefined (reading 'module')[39m[22m

[1m[31mERROR[39m[22m in [1m./src/pages/ResourceListPage.jsx[39m[22m
[1mCannot read properties of undefined (reading 'module')[39m[22m

[1m[31mERROR[39m[22m in [1m./src/pages/UserDashboard.js[39m[22m
[1mCannot read properties of undefined (reading 'module')[39m[22m

[1m[31mERROR[39m[22m in [1m./src/pages/UserProfile.js[39m[22m
[1mCannot read properties of undefined (reading 'module')[39m[22m

[1m[31mERROR[39m[22m in [1m./src/pages/UserResourceCatalogue.js[39m[22m
[1mCannot read properties of undefined (reading 'module')[39m[22m

[1m[31mERROR[39m[22m in [1m./src/reportWebVitals.js[39m[22m
[1mCannot read properties of undefined (reading 'module')[39m[22m

[1m[31mERROR[39m[22m in [1m./src/services/api.js[39m[22m
[1mCannot read properties of undefined (reading 'module')[39m[22m

[1m[31mERROR[39m[22m in [1m./src/utils/api.js[39m[22m
[1mCannot read properties of undefined (reading 'module')[39m[22m

[1m[31mERROR[39m[22m in [1m  [1m[31mError[39m[22m[1m: Child compilation [1m[31mfailed[39m[22m[1m:
  Module [1m[31mnot found[39m[22m[1m: [1m[31mError[39m[22m[1m: Can't resolve 'D:\helpdesk-system\frontend\node_modul  es\html-webpack-plugin\lib\loader.js' in 'D:\helpdesk-system\frontend'
  ModuleNotFoundError: Module [1m[31mnot found[39m[22m[1m: [1m[31mError[39m[22m[1m: Can't resolve 'D:\helpdesk-syste  m\frontend\node_modules\html-webpack-plugin\lib\loader.js' in 'D:\helpdesk-sys  tem\frontend'
      at D:\helpdesk-system\frontend\node_modules\webpack\lib\Compilation.js:207  3:28
      at D:\helpdesk-system\frontend\node_modules\webpack\lib\NormalModuleFactor  y.js:1041:13
      at eval (eval at create (D:\helpdesk-system\frontend\node_modules\tapable\  lib\HookCodeFactory.js:31:10), <anonymous>:10:1)
      at D:\helpdesk-system\frontend\node_modules\webpack\lib\NormalModuleFactor  y.js:437:22
      at eval (eval at create (D:\helpdesk-system\frontend\node_modules\tapable\  lib\HookCodeFactory.js:31:10), <anonymous>:9:1)
      at D:\helpdesk-system\frontend\node_modules\webpack\lib\NormalModuleFactor  y.js:622:22
      at D:\helpdesk-system\frontend\node_modules\webpack\lib\NormalModuleFactor  y.js:181:10
      at D:\helpdesk-system\frontend\node_modules\webpack\lib\NormalModuleFactor  y.js:856:23
      at D:\helpdesk-system\frontend\node_modules\webpack\lib\NormalModuleFactor  y.js:1351:5
      at D:\helpdesk-system\frontend\node_modules\neo-async\async.js:2830:7
      at done (D:\helpdesk-system\frontend\node_modules\neo-async\async.js:2925:  13)
      at D:\helpdesk-system\frontend\node_modules\webpack\lib\NormalModuleFactor  y.js:1310:10
      at finishWithoutResolve (D:\helpdesk-system\frontend\node_modules\enhanced  -resolve\lib\Resolver.js:590:11)
      at D:\helpdesk-system\frontend\node_modules\enhanced-resolve\lib\Resolver.  js:679:14
      at D:\helpdesk-system\frontend\node_modules\enhanced-resolve\lib\Resolver.  js:740:5
      at eval (eval at create (D:\helpdesk-system\frontend\node_modules\tapable\  lib\HookCodeFactory.js:31:10), <anonymous>:16:1)
      at D:\helpdesk-system\frontend\node_modules\enhanced-resolve\lib\Resolver.  js:740:5
      at eval (eval at create (D:\helpdesk-system\frontend\node_modules\tapable\  lib\HookCodeFactory.js:31:10), <anonymous>:27:1)
      at D:\helpdesk-system\frontend\node_modules\enhanced-resolve\lib\Descripti  onFilePlugin.js:89:43
      at D:\helpdesk-system\frontend\node_modules\enhanced-resolve\lib\Resolver.  js:740:5
      at eval (eval at create (D:\helpdesk-system\frontend\node_modules\tapable\  lib\HookCodeFactory.js:31:10), <anonymous>:15:1)
      at D:\helpdesk-system\frontend\node_modules\enhanced-resolve\lib\Resolver.  js:740:5
      at eval (eval at create (D:\helpdesk-system\frontend\node_modules\tapable\  lib\HookCodeFactory.js:31:10), <anonymous>:15:1)
      at D:\helpdesk-system\frontend\node_modules\enhanced-resolve\lib\Resolver.  js:740:5
      at eval (eval at create (D:\helpdesk-system\frontend\node_modules\tapable\  lib\HookCodeFactory.js:31:10), <anonymous>:16:1)
      at D:\helpdesk-system\frontend\node_modules\enhanced-resolve\lib\Resolver.  js:740:5
      at eval (eval at create (D:\helpdesk-system\frontend\node_modules\tapable\  lib\HookCodeFactory.js:31:10), <anonymous>:27:1)
      at D:\helpdesk-system\frontend\node_modules\enhanced-resolve\lib\Descripti  onFilePlugin.js:89:43
      at D:\helpdesk-system\frontend\node_modules\enhanced-resolve\lib\Resolver.  js:740:5
      at eval (eval at create (D:\helpdesk-system\frontend\node_modules\tapable\  lib\HookCodeFactory.js:31:10), <anonymous>:16:1)
      at D:\helpdesk-system\frontend\node_modules\enhanced-resolve\lib\Resolver.  js:740:5
      at eval (eval at create (D:\helpdesk-system\frontend\node_modules\tapable\  lib\HookCodeFactory.js:31:10), <anonymous>:15:1)
      at D:\helpdesk-system\frontend\node_modules\enhanced-resolve\lib\Directory  ExistsPlugin.js:43:15
      at process.processTicksAndRejections (node:internal/process/task_queues:81  :21)
  
  - Compilation.js:2073 
    [frontend]/[webpack]/lib/Compilation.js:2073:28
  
  - NormalModuleFactory.js:1041 
    [frontend]/[webpack]/lib/NormalModuleFactory.js:1041:13
  
  
  - NormalModuleFactory.js:437 
    [frontend]/[webpack]/lib/NormalModuleFactory.js:437:22
  
  
  - NormalModuleFactory.js:622 
    [frontend]/[webpack]/lib/NormalModuleFactory.js:622:22
  
  - NormalModuleFactory.js:181 
    [frontend]/[webpack]/lib/NormalModuleFactory.js:181:10
  
  - NormalModuleFactory.js:856 
    [frontend]/[webpack]/lib/NormalModuleFactory.js:856:23
  
  - NormalModuleFactory.js:1351 
    [frontend]/[webpack]/lib/NormalModuleFactory.js:1351:5
  
  - async.js:2830 
    [frontend]/[neo-async]/async.js:2830:7
  
  - async.js:2925 done
    [frontend]/[neo-async]/async.js:2925:13
  
  - NormalModuleFactory.js:1310 
    [frontend]/[webpack]/lib/NormalModuleFactory.js:1310:10
  
  - Resolver.js:590 finishWithoutResolve
    [frontend]/[enhanced-resolve]/lib/Resolver.js:590:11
  
  - Resolver.js:679 
    [frontend]/[enhanced-resolve]/lib/Resolver.js:679:14
  
  - Resolver.js:740 
    [frontend]/[enhanced-resolve]/lib/Resolver.js:740:5
  
  
  - Resolver.js:740 
    [frontend]/[enhanced-resolve]/lib/Resolver.js:740:5
  
  
  - DescriptionFilePlugin.js:89 
    [frontend]/[enhanced-resolve]/lib/DescriptionFilePlugin.js:89:43
  
  - Resolver.js:740 
    [frontend]/[enhanced-resolve]/lib/Resolver.js:740:5
  
  
  - Resolver.js:740 
    [frontend]/[enhanced-resolve]/lib/Resolver.js:740:5
  
  
  - Resolver.js:740 
    [frontend]/[enhanced-resolve]/lib/Resolver.js:740:5
  
  
  - Resolver.js:740 
    [frontend]/[enhanced-resolve]/lib/Resolver.js:740:5
  
  
  - DescriptionFilePlugin.js:89 
    [frontend]/[enhanced-resolve]/lib/DescriptionFilePlugin.js:89:43
  
  - Resolver.js:740 
    [frontend]/[enhanced-resolve]/lib/Resolver.js:740:5
  
  
  - Resolver.js:740 
    [frontend]/[enhanced-resolve]/lib/Resolver.js:740:5
  
  
  - DirectoryExistsPlugin.js:43 
    [frontend]/[enhanced-resolve]/lib/DirectoryExistsPlugin.js:43:15
  
  - task_queues:81 process.processTicksAndRejections
    node:internal/process/task_queues:81:21
  
  - child-compiler.js:211 
    [frontend]/[html-webpack-plugin]/lib/child-compiler.js:211:18
  
  - Compiler.js:648 finalCallback
    [frontend]/[webpack]/lib/Compiler.js:648:5
  
  - Compiler.js:684 
    [frontend]/[webpack]/lib/Compiler.js:684:11
  
  - Compiler.js:1379 
    [frontend]/[webpack]/lib/Compiler.js:1379:17
  
  
  - Hook.js:21 Hook.CALL_ASYNC_DELEGATE [as _callAsync]
    [frontend]/[tapable]/lib/Hook.js:21:14
  
  - Compiler.js:1375 
    [frontend]/[webpack]/lib/Compiler.js:1375:33
  
  - Compilation.js:3183 finalCallback
    [frontend]/[webpack]/lib/Compilation.js:3183:11
  
  - Compilation.js:3521 
    [frontend]/[webpack]/lib/Compilation.js:3521:11
  
  
  - Hook.js:21 Hook.CALL_ASYNC_DELEGATE [as _callAsync]
    [frontend]/[tapable]/lib/Hook.js:21:14
  
  - Compilation.js:3514 
    [frontend]/[webpack]/lib/Compilation.js:3514:38
  
  
  - Compilation.js:653 
    [frontend]/[webpack]/lib/Compilation.js:653:11
  
  - SourceMapDevToolPlugin.js:635 
    [frontend]/[webpack]/lib/SourceMapDevToolPlugin.js:635:10
  
  - async.js:2830 
    [frontend]/[neo-async]/async.js:2830:7
  
  - async.js:2857 Object.each
    [frontend]/[neo-async]/async.js:2857:9
  
[39m[22m

[1m[31m1 ERROR in child compilations (Use 'stats.children: true' resp. '--stats-children' for more details)[39m[22m
webpack compiled with [1m[31m56 errors[39m[22m
Compiling...
Failed to compile.

Module not found: Error: Can't resolve 'D:\helpdesk-system\frontend\node_modules\@pmmmwh\react-refresh-webpack-plugin\lib\runtime\RefreshUtils.js' in 'D:\helpdesk-system\frontend\src'
[1m[31mERROR[39m[22m in [1m./src/App.js[39m[22m [1m[32m283:37-60[39m[22m
[1mModule [1m[31mnot found[39m[22m[1m: [1m[31mError[39m[22m[1m: Can't resolve 'D:\helpdesk-system\frontend\node_modules\@pmmmwh\react-refresh-webpack-plugin\lib\runtime\RefreshUtils.js' in 'D:\helpdesk-system\frontend\src'[39m[22m

[1m[31mERROR[39m[22m in [1m./src/components/AdminLayout.js[39m[22m [1m[32m67:37-60[39m[22m
[1mModule [1m[31mnot found[39m[22m[1m: [1m[31mError[39m[22m[1m: Can't resolve 'D:\helpdesk-system\frontend\node_modules\@pmmmwh\react-refresh-webpack-plugin\lib\runtime\RefreshUtils.js' in 'D:\helpdesk-system\frontend\src\components'[39m[22m

[1m[31mERROR[39m[22m in [1m./src/components/AdminSidebar.js[39m[22m [1m[32m183:37-60[39m[22m
[1mModule [1m[31mnot found[39m[22m[1m: [1m[31mError[39m[22m[1m: Can't resolve 'D:\helpdesk-system\frontend\node_modules\@pmmmwh\react-refresh-webpack-plugin\lib\runtime\RefreshUtils.js' in 'D:\helpdesk-system\frontend\src\components'[39m[22m

[1m[31mERROR[39m[22m in [1m./src/components/Footer.js[39m[22m [1m[32m118:37-60[39m[22m
[1mModule [1m[31mnot found[39m[22m[1m: [1m[31mError[39m[22m[1m: Can't resolve 'D:\helpdesk-system\frontend\node_modules\@pmmmwh\react-refresh-webpack-plugin\lib\runtime\RefreshUtils.js' in 'D:\helpdesk-system\frontend\src\components'[39m[22m

[1m[31mERROR[39m[22m in [1m./src/components/Navbar.js[39m[22m [1m[32m7:0-54[39m[22m
[1mModule [1m[31mnot found[39m[22m[1m: [1m[31mError[39m[22m[1m: Can't resolve 'lucide-react' in 'D:\helpdesk-system\frontend\src\components'[39m[22m

[1m[31mERROR[39m[22m in [1m./src/components/Navbar.js[39m[22m [1m[32m231:37-60[39m[22m
[1mModule [1m[31mnot found[39m[22m[1m: [1m[31mError[39m[22m[1m: Can't resolve 'D:\helpdesk-system\frontend\node_modules\@pmmmwh\react-refresh-webpack-plugin\lib\runtime\RefreshUtils.js' in 'D:\helpdesk-system\frontend\src\components'[39m[22m

[1m[31mERROR[39m[22m in [1m./src/components/ProtectedRoute.js[39m[22m [1m[32m43:37-60[39m[22m
[1mModule [1m[31mnot found[39m[22m[1m: [1m[31mError[39m[22m[1m: Can't resolve 'D:\helpdesk-system\frontend\node_modules\@pmmmwh\react-refresh-webpack-plugin\lib\runtime\RefreshUtils.js' in 'D:\helpdesk-system\frontend\src\components'[39m[22m

[1m[31mERROR[39m[22m in [1m./src/components/Sidebar.js[39m[22m [1m[32m119:37-60[39m[22m
[1mModule [1m[31mnot found[39m[22m[1m: [1m[31mError[39m[22m[1m: Can't resolve 'D:\helpdesk-system\frontend\node_modules\@pmmmwh\react-refresh-webpack-plugin\lib\runtime\RefreshUtils.js' in 'D:\helpdesk-system\frontend\src\components'[39m[22m

[1m[31mERROR[39m[22m in [1m./src/components/TechnicianSidebar.js[39m[22m [1m[32m159:37-60[39m[22m
[1mModule [1m[31mnot found[39m[22m[1m: [1m[31mError[39m[22m[1m: Can't resolve 'D:\helpdesk-system\frontend\node_modules\@pmmmwh\react-refresh-webpack-plugin\lib\runtime\RefreshUtils.js' in 'D:\helpdesk-system\frontend\src\components'[39m[22m

[1m[31mERROR[39m[22m in [1m./src/components/catalogue/ResourceFilters.js[39m[22m [1m[32m213:37-60[39m[22m
[1mModule [1m[31mnot found[39m[22m[1m: [1m[31mError[39m[22m[1m: Can't resolve 'D:\helpdesk-system\frontend\node_modules\@pmmmwh\react-refresh-webpack-plugin\lib\runtime\RefreshUtils.js' in 'D:\helpdesk-system\frontend\src\components\catalogue'[39m[22m

[1m[31mERROR[39m[22m in [1m./src/index.js[39m[22m [1m[32m29:37-60[39m[22m
[1mModule [1m[31mnot found[39m[22m[1m: [1m[31mError[39m[22m[1m: Can't resolve 'D:\helpdesk-system\frontend\node_modules\@pmmmwh\react-refresh-webpack-plugin\lib\runtime\RefreshUtils.js' in 'D:\helpdesk-system\frontend\src'[39m[22m

[1m[31mERROR[39m[22m in [1m./src/pages/AccessDenied.js[39m[22m [1m[32m97:37-60[39m[22m
[1mModule [1m[31mnot found[39m[22m[1m: [1m[31mError[39m[22m[1m: Can't resolve 'D:\helpdesk-system\frontend\node_modules\@pmmmwh\react-refresh-webpack-plugin\lib\runtime\RefreshUtils.js' in 'D:\helpdesk-system\frontend\src\pages'[39m[22m

[1m[31mERROR[39m[22m in [1m./src/pages/AdminDashboard.js[39m[22m [1m[32m403:37-60[39m[22m
[1mModule [1m[31mnot found[39m[22m[1m: [1m[31mError[39m[22m[1m: Can't resolve 'D:\helpdesk-system\frontend\node_modules\@pmmmwh\react-refresh-webpack-plugin\lib\runtime\RefreshUtils.js' in 'D:\helpdesk-system\frontend\src\pages'[39m[22m

[1m[31mERROR[39m[22m in [1m./src/pages/AdminUserManagement.js[39m[22m [1m[32m1482:37-60[39m[22m
[1mModule [1m[31mnot found[39m[22m[1m: [1m[31mError[39m[22m[1m: Can't resolve 'D:\helpdesk-system\frontend\node_modules\@pmmmwh\react-refresh-webpack-plugin\lib\runtime\RefreshUtils.js' in 'D:\helpdesk-system\frontend\src\pages'[39m[22m

[1m[31mERROR[39m[22m in [1m./src/pages/Home.js[39m[22m [1m[32m490:37-60[39m[22m
[1mModule [1m[31mnot found[39m[22m[1m: [1m[31mError[39m[22m[1m: Can't resolve 'D:\helpdesk-system\frontend\node_modules\@pmmmwh\react-refresh-webpack-plugin\lib\runtime\RefreshUtils.js' in 'D:\helpdesk-system\frontend\src\pages'[39m[22m

[1m[31mERROR[39m[22m in [1m./src/pages/Login.js[39m[22m [1m[32m334:37-60[39m[22m
[1mModule [1m[31mnot found[39m[22m[1m: [1m[31mError[39m[22m[1m: Can't resolve 'D:\helpdesk-system\frontend\node_modules\@pmmmwh\react-refresh-webpack-plugin\lib\runtime\RefreshUtils.js' in 'D:\helpdesk-system\frontend\src\pages'[39m[22m

[1m[31mERROR[39m[22m in [1m./src/pages/OAuth2RedirectHandler.js[39m[22m [1m[32m359:37-60[39m[22m
[1mModule [1m[31mnot found[39m[22m[1m: [1m[31mError[39m[22m[1m: Can't resolve 'D:\helpdesk-system\frontend\node_modules\@pmmmwh\react-refresh-webpack-plugin\lib\runtime\RefreshUtils.js' in 'D:\helpdesk-system\frontend\src\pages'[39m[22m

[1m[31mERROR[39m[22m in [1m./src/pages/Register.js[39m[22m [1m[32m361:37-60[39m[22m
[1mModule [1m[31mnot found[39m[22m[1m: [1m[31mError[39m[22m[1m: Can't resolve 'D:\helpdesk-system\frontend\node_modules\@pmmmwh\react-refresh-webpack-plugin\lib\runtime\RefreshUtils.js' in 'D:\helpdesk-system\frontend\src\pages'[39m[22m

[1m[31mERROR[39m[22m in [1m./src/pages/ResourceFormPage.jsx[39m[22m [1m[32m963:37-60[39m[22m
[1mModule [1m[31mnot found[39m[22m[1m: [1m[31mError[39m[22m[1m: Can't resolve 'D:\helpdesk-system\frontend\node_modules\@pmmmwh\react-refresh-webpack-plugin\lib\runtime\RefreshUtils.js' in 'D:\helpdesk-system\frontend\src\pages'[39m[22m

[1m[31mERROR[39m[22m in [1m./src/pages/ResourceListPage.jsx[39m[22m [1m[32m799:37-60[39m[22m
[1mModule [1m[31mnot found[39m[22m[1m: [1m[31mError[39m[22m[1m: Can't resolve 'D:\helpdesk-system\frontend\node_modules\@pmmmwh\react-refresh-webpack-plugin\lib\runtime\RefreshUtils.js' in 'D:\helpdesk-system\frontend\src\pages'[39m[22m

[1m[31mERROR[39m[22m in [1m./src/pages/UserDashboard.js[39m[22m [1m[32m719:37-60[39m[22m
[1mModule [1m[31mnot found[39m[22m[1m: [1m[31mError[39m[22m[1m: Can't resolve 'D:\helpdesk-system\frontend\node_modules\@pmmmwh\react-refresh-webpack-plugin\lib\runtime\RefreshUtils.js' in 'D:\helpdesk-system\frontend\src\pages'[39m[22m

[1m[31mERROR[39m[22m in [1m./src/pages/UserProfile.js[39m[22m [1m[32m520:37-60[39m[22m
[1mModule [1m[31mnot found[39m[22m[1m: [1m[31mError[39m[22m[1m: Can't resolve 'D:\helpdesk-system\frontend\node_modules\@pmmmwh\react-refresh-webpack-plugin\lib\runtime\RefreshUtils.js' in 'D:\helpdesk-system\frontend\src\pages'[39m[22m

[1m[31mERROR[39m[22m in [1m./src/pages/UserResourceCatalogue.js[39m[22m [1m[32m401:37-60[39m[22m
[1mModule [1m[31mnot found[39m[22m[1m: [1m[31mError[39m[22m[1m: Can't resolve 'D:\helpdesk-system\frontend\node_modules\@pmmmwh\react-refresh-webpack-plugin\lib\runtime\RefreshUtils.js' in 'D:\helpdesk-system\frontend\src\pages'[39m[22m

[1m[31mERROR[39m[22m in [1m./src/reportWebVitals.js[39m[22m [1m[32m23:37-60[39m[22m
[1mModule [1m[31mnot found[39m[22m[1m: [1m[31mError[39m[22m[1m: Can't resolve 'D:\helpdesk-system\frontend\node_modules\@pmmmwh\react-refresh-webpack-plugin\lib\runtime\RefreshUtils.js' in 'D:\helpdesk-system\frontend\src'[39m[22m

[1m[31mERROR[39m[22m in [1m./src/services/api.js[39m[22m [1m[32m70:37-60[39m[22m
[1mModule [1m[31mnot found[39m[22m[1m: [1m[31mError[39m[22m[1m: Can't resolve 'D:\helpdesk-system\frontend\node_modules\@pmmmwh\react-refresh-webpack-plugin\lib\runtime\RefreshUtils.js' in 'D:\helpdesk-system\frontend\src\services'[39m[22m

[1m[31mERROR[39m[22m in [1m./src/utils/api.js[39m[22m [1m[32m36:37-60[39m[22m
[1mModule [1m[31mnot found[39m[22m[1m: [1m[31mError[39m[22m[1m: Can't resolve 'D:\helpdesk-system\frontend\node_modules\@pmmmwh\react-refresh-webpack-plugin\lib\runtime\RefreshUtils.js' in 'D:\helpdesk-system\frontend\src\utils'[39m[22m

[1m[31mERROR[39m[22m in [1m./node_modules/@pmmmwh/react-refresh-webpack-plugin/client/ReactRefreshEntry.js[39m[22m [1m[32m3:17-61[39m[22m
[1mModule [1m[31mnot found[39m[22m[1m: [1m[31mError[39m[22m[1m: Can't resolve 'core-js-pure/features/global-this' in 'D:\helpdesk-system\frontend\node_modules\@pmmmwh\react-refresh-webpack-plugin\client'[39m[22m

[1m[31mERROR[39m[22m in [1m./src/App.js[39m[22m
[1mCannot read properties of undefined (reading 'module')[39m[22m

[1m[31mERROR[39m[22m in [1m./src/components/AdminLayout.js[39m[22m
[1mCannot read properties of undefined (reading 'module')[39m[22m

[1m[31mERROR[39m[22m in [1m./src/components/AdminSidebar.js[39m[22m
[1mCannot read properties of undefined (reading 'module')[39m[22m

[1m[31mERROR[39m[22m in [1m./src/components/Footer.js[39m[22m
[1mCannot read properties of undefined (reading 'module')[39m[22m

[1m[31mERROR[39m[22m in [1m./src/components/Navbar.js[39m[22m
[1mCannot read properties of undefined (reading 'module')[39m[22m

[1m[31mERROR[39m[22m in [1m./src/components/ProtectedRoute.js[39m[22m
[1mCannot read properties of undefined (reading 'module')[39m[22m

[1m[31mERROR[39m[22m in [1m./src/components/Sidebar.js[39m[22m
[1mCannot read properties of undefined (reading 'module')[39m[22m

[1m[31mERROR[39m[22m in [1m./src/components/TechnicianSidebar.js[39m[22m
[1mCannot read properties of undefined (reading 'module')[39m[22m

[1m[31mERROR[39m[22m in [1m./src/components/catalogue/ResourceFilters.js[39m[22m
[1mCannot read properties of undefined (reading 'module')[39m[22m

[1m[31mERROR[39m[22m in [1m./src/index.js[39m[22m
[1mCannot read properties of undefined (reading 'module')[39m[22m

[1m[31mERROR[39m[22m in [1m./src/pages/AccessDenied.js[39m[22m
[1mCannot read properties of undefined (reading 'module')[39m[22m

[1m[31mERROR[39m[22m in [1m./src/pages/AdminDashboard.js[39m[22m
[1mCannot read properties of undefined (reading 'module')[39m[22m

[1m[31mERROR[39m[22m in [1m./src/pages/AdminUserManagement.js[39m[22m
[1mCannot read properties of undefined (reading 'module')[39m[22m

[1m[31mERROR[39m[22m in [1m./src/pages/Home.js[39m[22m
[1mCannot read properties of undefined (reading 'module')[39m[22m

[1m[31mERROR[39m[22m in [1m./src/pages/Login.js[39m[22m
[1mCannot read properties of undefined (reading 'module')[39m[22m

[1m[31mERROR[39m[22m in [1m./src/pages/OAuth2RedirectHandler.js[39m[22m
[1mCannot read properties of undefined (reading 'module')[39m[22m

[1m[31mERROR[39m[22m in [1m./src/pages/Register.js[39m[22m
[1mCannot read properties of undefined (reading 'module')[39m[22m

[1m[31mERROR[39m[22m in [1m./src/pages/ResourceFormPage.jsx[39m[22m
[1mCannot read properties of undefined (reading 'module')[39m[22m

[1m[31mERROR[39m[22m in [1m./src/pages/ResourceListPage.jsx[39m[22m
[1mCannot read properties of undefined (reading 'module')[39m[22m

[1m[31mERROR[39m[22m in [1m./src/pages/UserDashboard.js[39m[22m
[1mCannot read properties of undefined (reading 'module')[39m[22m

[1m[31mERROR[39m[22m in [1m./src/pages/UserProfile.js[39m[22m
[1mCannot read properties of undefined (reading 'module')[39m[22m

[1m[31mERROR[39m[22m in [1m./src/pages/UserResourceCatalogue.js[39m[22m
[1mCannot read properties of undefined (reading 'module')[39m[22m

[1m[31mERROR[39m[22m in [1m./src/reportWebVitals.js[39m[22m
[1mCannot read properties of undefined (reading 'module')[39m[22m

[1m[31mERROR[39m[22m in [1m./src/services/api.js[39m[22m
[1mCannot read properties of undefined (reading 'module')[39m[22m

[1m[31mERROR[39m[22m in [1m./src/utils/api.js[39m[22m
[1mCannot read properties of undefined (reading 'module')[39m[22m

webpack compiled with [1m[31m52 errors[39m[22m
Compiling...
Failed to compile.

Module not found: Error: Can't resolve 'D:\helpdesk-system\frontend\node_modules\@pmmmwh\react-refresh-webpack-plugin\lib\runtime\RefreshUtils.js' in 'D:\helpdesk-system\frontend\src'
[1mLOG from webpack.FileSystemInfo[39m[22m
<w> [1m[33mManaged item D:\helpdesk-system\frontend\node_modules\core-js-pure isn't a directory or doesn't contain a package.json (see snapshot.managedPaths option)[39m[22m
+ 14 hidden lines

[1m[31mERROR[39m[22m in [1m./src/App.js[39m[22m [1m[32m283:37-60[39m[22m
[1mModule [1m[31mnot found[39m[22m[1m: [1m[31mError[39m[22m[1m: Can't resolve 'D:\helpdesk-system\frontend\node_modules\@pmmmwh\react-refresh-webpack-plugin\lib\runtime\RefreshUtils.js' in 'D:\helpdesk-system\frontend\src'[39m[22m

[1m[31mERROR[39m[22m in [1m./src/components/AdminLayout.js[39m[22m [1m[32m67:37-60[39m[22m
[1mModule [1m[31mnot found[39m[22m[1m: [1m[31mError[39m[22m[1m: Can't resolve 'D:\helpdesk-system\frontend\node_modules\@pmmmwh\react-refresh-webpack-plugin\lib\runtime\RefreshUtils.js' in 'D:\helpdesk-system\frontend\src\components'[39m[22m

[1m[31mERROR[39m[22m in [1m./src/components/AdminSidebar.js[39m[22m [1m[32m183:37-60[39m[22m
[1mModule [1m[31mnot found[39m[22m[1m: [1m[31mError[39m[22m[1m: Can't resolve 'D:\helpdesk-system\frontend\node_modules\@pmmmwh\react-refresh-webpack-plugin\lib\runtime\RefreshUtils.js' in 'D:\helpdesk-system\frontend\src\components'[39m[22m

[1m[31mERROR[39m[22m in [1m./src/components/Footer.js[39m[22m [1m[32m118:37-60[39m[22m
[1mModule [1m[31mnot found[39m[22m[1m: [1m[31mError[39m[22m[1m: Can't resolve 'D:\helpdesk-system\frontend\node_modules\@pmmmwh\react-refresh-webpack-plugin\lib\runtime\RefreshUtils.js' in 'D:\helpdesk-system\frontend\src\components'[39m[22m

[1m[31mERROR[39m[22m in [1m./src/components/Navbar.js[39m[22m [1m[32m7:0-54[39m[22m
[1mModule [1m[31mnot found[39m[22m[1m: [1m[31mError[39m[22m[1m: Can't resolve 'lucide-react' in 'D:\helpdesk-system\frontend\src\components'[39m[22m

[1m[31mERROR[39m[22m in [1m./src/components/Navbar.js[39m[22m [1m[32m231:37-60[39m[22m
[1mModule [1m[31mnot found[39m[22m[1m: [1m[31mError[39m[22m[1m: Can't resolve 'D:\helpdesk-system\frontend\node_modules\@pmmmwh\react-refresh-webpack-plugin\lib\runtime\RefreshUtils.js' in 'D:\helpdesk-system\frontend\src\components'[39m[22m

[1m[31mERROR[39m[22m in [1m./src/components/ProtectedRoute.js[39m[22m [1m[32m43:37-60[39m[22m
[1mModule [1m[31mnot found[39m[22m[1m: [1m[31mError[39m[22m[1m: Can't resolve 'D:\helpdesk-system\frontend\node_modules\@pmmmwh\react-refresh-webpack-plugin\lib\runtime\RefreshUtils.js' in 'D:\helpdesk-system\frontend\src\components'[39m[22m

[1m[31mERROR[39m[22m in [1m./src/components/Sidebar.js[39m[22m [1m[32m119:37-60[39m[22m
[1mModule [1m[31mnot found[39m[22m[1m: [1m[31mError[39m[22m[1m: Can't resolve 'D:\helpdesk-system\frontend\node_modules\@pmmmwh\react-refresh-webpack-plugin\lib\runtime\RefreshUtils.js' in 'D:\helpdesk-system\frontend\src\components'[39m[22m

[1m[31mERROR[39m[22m in [1m./src/components/TechnicianSidebar.js[39m[22m [1m[32m159:37-60[39m[22m
[1mModule [1m[31mnot found[39m[22m[1m: [1m[31mError[39m[22m[1m: Can't resolve 'D:\helpdesk-system\frontend\node_modules\@pmmmwh\react-refresh-webpack-plugin\lib\runtime\RefreshUtils.js' in 'D:\helpdesk-system\frontend\src\components'[39m[22m

[1m[31mERROR[39m[22m in [1m./src/components/catalogue/ResourceFilters.js[39m[22m [1m[32m213:37-60[39m[22m
[1mModule [1m[31mnot found[39m[22m[1m: [1m[31mError[39m[22m[1m: Can't resolve 'D:\helpdesk-system\frontend\node_modules\@pmmmwh\react-refresh-webpack-plugin\lib\runtime\RefreshUtils.js' in 'D:\helpdesk-system\frontend\src\components\catalogue'[39m[22m

[1m[31mERROR[39m[22m in [1m./src/index.js[39m[22m [1m[32m29:37-60[39m[22m
[1mModule [1m[31mnot found[39m[22m[1m: [1m[31mError[39m[22m[1m: Can't resolve 'D:\helpdesk-system\frontend\node_modules\@pmmmwh\react-refresh-webpack-plugin\lib\runtime\RefreshUtils.js' in 'D:\helpdesk-system\frontend\src'[39m[22m

[1m[31mERROR[39m[22m in [1m./src/pages/AccessDenied.js[39m[22m [1m[32m97:37-60[39m[22m
[1mModule [1m[31mnot found[39m[22m[1m: [1m[31mError[39m[22m[1m: Can't resolve 'D:\helpdesk-system\frontend\node_modules\@pmmmwh\react-refresh-webpack-plugin\lib\runtime\RefreshUtils.js' in 'D:\helpdesk-system\frontend\src\pages'[39m[22m

[1m[31mERROR[39m[22m in [1m./src/pages/AdminDashboard.js[39m[22m [1m[32m403:37-60[39m[22m
[1mModule [1m[31mnot found[39m[22m[1m: [1m[31mError[39m[22m[1m: Can't resolve 'D:\helpdesk-system\frontend\node_modules\@pmmmwh\react-refresh-webpack-plugin\lib\runtime\RefreshUtils.js' in 'D:\helpdesk-system\frontend\src\pages'[39m[22m

[1m[31mERROR[39m[22m in [1m./src/pages/AdminUserManagement.js[39m[22m [1m[32m1482:37-60[39m[22m
[1mModule [1m[31mnot found[39m[22m[1m: [1m[31mError[39m[22m[1m: Can't resolve 'D:\helpdesk-system\frontend\node_modules\@pmmmwh\react-refresh-webpack-plugin\lib\runtime\RefreshUtils.js' in 'D:\helpdesk-system\frontend\src\pages'[39m[22m

[1m[31mERROR[39m[22m in [1m./src/pages/Home.js[39m[22m [1m[32m490:37-60[39m[22m
[1mModule [1m[31mnot found[39m[22m[1m: [1m[31mError[39m[22m[1m: Can't resolve 'D:\helpdesk-system\frontend\node_modules\@pmmmwh\react-refresh-webpack-plugin\lib\runtime\RefreshUtils.js' in 'D:\helpdesk-system\frontend\src\pages'[39m[22m

[1m[31mERROR[39m[22m in [1m./src/pages/Login.js[39m[22m [1m[32m334:37-60[39m[22m
[1mModule [1m[31mnot found[39m[22m[1m: [1m[31mError[39m[22m[1m: Can't resolve 'D:\helpdesk-system\frontend\node_modules\@pmmmwh\react-refresh-webpack-plugin\lib\runtime\RefreshUtils.js' in 'D:\helpdesk-system\frontend\src\pages'[39m[22m

[1m[31mERROR[39m[22m in [1m./src/pages/OAuth2RedirectHandler.js[39m[22m [1m[32m359:37-60[39m[22m
[1mModule [1m[31mnot found[39m[22m[1m: [1m[31mError[39m[22m[1m: Can't resolve 'D:\helpdesk-system\frontend\node_modules\@pmmmwh\react-refresh-webpack-plugin\lib\runtime\RefreshUtils.js' in 'D:\helpdesk-system\frontend\src\pages'[39m[22m

[1m[31mERROR[39m[22m in [1m./src/pages/Register.js[39m[22m [1m[32m361:37-60[39m[22m
[1mModule [1m[31mnot found[39m[22m[1m: [1m[31mError[39m[22m[1m: Can't resolve 'D:\helpdesk-system\frontend\node_modules\@pmmmwh\react-refresh-webpack-plugin\lib\runtime\RefreshUtils.js' in 'D:\helpdesk-system\frontend\src\pages'[39m[22m

[1m[31mERROR[39m[22m in [1m./src/pages/ResourceFormPage.jsx[39m[22m [1m[32m963:37-60[39m[22m
[1mModule [1m[31mnot found[39m[22m[1m: [1m[31mError[39m[22m[1m: Can't resolve 'D:\helpdesk-system\frontend\node_modules\@pmmmwh\react-refresh-webpack-plugin\lib\runtime\RefreshUtils.js' in 'D:\helpdesk-system\frontend\src\pages'[39m[22m

[1m[31mERROR[39m[22m in [1m./src/pages/ResourceListPage.jsx[39m[22m [1m[32m799:37-60[39m[22m
[1mModule [1m[31mnot found[39m[22m[1m: [1m[31mError[39m[22m[1m: Can't resolve 'D:\helpdesk-system\frontend\node_modules\@pmmmwh\react-refresh-webpack-plugin\lib\runtime\RefreshUtils.js' in 'D:\helpdesk-system\frontend\src\pages'[39m[22m

[1m[31mERROR[39m[22m in [1m./src/pages/UserDashboard.js[39m[22m [1m[32m719:37-60[39m[22m
[1mModule [1m[31mnot found[39m[22m[1m: [1m[31mError[39m[22m[1m: Can't resolve 'D:\helpdesk-system\frontend\node_modules\@pmmmwh\react-refresh-webpack-plugin\lib\runtime\RefreshUtils.js' in 'D:\helpdesk-system\frontend\src\pages'[39m[22m

[1m[31mERROR[39m[22m in [1m./src/pages/UserProfile.js[39m[22m [1m[32m520:37-60[39m[22m
[1mModule [1m[31mnot found[39m[22m[1m: [1m[31mError[39m[22m[1m: Can't resolve 'D:\helpdesk-system\frontend\node_modules\@pmmmwh\react-refresh-webpack-plugin\lib\runtime\RefreshUtils.js' in 'D:\helpdesk-system\frontend\src\pages'[39m[22m

[1m[31mERROR[39m[22m in [1m./src/pages/UserResourceCatalogue.js[39m[22m [1m[32m401:37-60[39m[22m
[1mModule [1m[31mnot found[39m[22m[1m: [1m[31mError[39m[22m[1m: Can't resolve 'D:\helpdesk-system\frontend\node_modules\@pmmmwh\react-refresh-webpack-plugin\lib\runtime\RefreshUtils.js' in 'D:\helpdesk-system\frontend\src\pages'[39m[22m

[1m[31mERROR[39m[22m in [1m./src/reportWebVitals.js[39m[22m [1m[32m23:37-60[39m[22m
[1mModule [1m[31mnot found[39m[22m[1m: [1m[31mError[39m[22m[1m: Can't resolve 'D:\helpdesk-system\frontend\node_modules\@pmmmwh\react-refresh-webpack-plugin\lib\runtime\RefreshUtils.js' in 'D:\helpdesk-system\frontend\src'[39m[22m

[1m[31mERROR[39m[22m in [1m./src/services/api.js[39m[22m [1m[32m70:37-60[39m[22m
[1mModule [1m[31mnot found[39m[22m[1m: [1m[31mError[39m[22m[1m: Can't resolve 'D:\helpdesk-system\frontend\node_modules\@pmmmwh\react-refresh-webpack-plugin\lib\runtime\RefreshUtils.js' in 'D:\helpdesk-system\frontend\src\services'[39m[22m

[1m[31mERROR[39m[22m in [1m./src/utils/api.js[39m[22m [1m[32m36:37-60[39m[22m
[1mModule [1m[31mnot found[39m[22m[1m: [1m[31mError[39m[22m[1m: Can't resolve 'D:\helpdesk-system\frontend\node_modules\@pmmmwh\react-refresh-webpack-plugin\lib\runtime\RefreshUtils.js' in 'D:\helpdesk-system\frontend\src\utils'[39m[22m

[1m[31mERROR[39m[22m in [1m./node_modules/core-js-pure/internals/a-callable.js[39m[22m [1m[32m3:17-52[39m[22m
[1mModule [1m[31mnot found[39m[22m[1m: [1m[31mError[39m[22m[1m: Can't resolve '../internals/is-callable' in 'D:\helpdesk-system\frontend\node_modules\core-js-pure\internals'[39m[22m

[1m[31mERROR[39m[22m in [1m./node_modules/core-js-pure/internals/a-callable.js[39m[22m [1m[32m4:18-55[39m[22m
[1mModule [1m[31mnot found[39m[22m[1m: [1m[31mError[39m[22m[1m: Can't resolve '../internals/try-to-string' in 'D:\helpdesk-system\frontend\node_modules\core-js-pure\internals'[39m[22m

[1m[31mERROR[39m[22m in [1m./node_modules/core-js-pure/internals/create-non-enumerable-property.js[39m[22m [1m[32m4:27-73[39m[22m
[1mModule [1m[31mnot found[39m[22m[1m: [1m[31mError[39m[22m[1m: Can't resolve '../internals/object-define-property' in 'D:\helpdesk-system\frontend\node_modules\core-js-pure\internals'[39m[22m

[1m[31mERROR[39m[22m in [1m./node_modules/core-js-pure/internals/export.js[39m[22m [1m[32m6:17-52[39m[22m
[1mModule [1m[31mnot found[39m[22m[1m: [1m[31mError[39m[22m[1m: Can't resolve '../internals/is-callable' in 'D:\helpdesk-system\frontend\node_modules\core-js-pure\internals'[39m[22m

[1m[31mERROR[39m[22m in [1m./node_modules/core-js-pure/internals/export.js[39m[22m [1m[32m7:31-91[39m[22m
[1mModule [1m[31mnot found[39m[22m[1m: [1m[31mError[39m[22m[1m: Can't resolve '../internals/object-get-own-property-descriptor' in 'D:\helpdesk-system\frontend\node_modules\core-js-pure\internals'[39m[22m

[1m[31mERROR[39m[22m in [1m./node_modules/core-js-pure/internals/export.js[39m[22m [1m[32m8:15-48[39m[22m
[1mModule [1m[31mnot found[39m[22m[1m: [1m[31mError[39m[22m[1m: Can't resolve '../internals/is-forced' in 'D:\helpdesk-system\frontend\node_modules\core-js-pure\internals'[39m[22m

[1m[31mERROR[39m[22m in [1m./node_modules/core-js-pure/internals/export.js[39m[22m [1m[32m9:11-39[39m[22m
[1mModule [1m[31mnot found[39m[22m[1m: [1m[31mError[39m[22m[1m: Can't resolve '../internals/path' in 'D:\helpdesk-system\frontend\node_modules\core-js-pure\internals'[39m[22m

[1m[31mERROR[39m[22m in [1m./node_modules/core-js-pure/internals/export.js[39m[22m [1m[32m14:0-36[39m[22m
[1mModule [1m[31mnot found[39m[22m[1m: [1m[31mError[39m[22m[1m: Can't resolve '../internals/shared-store' in 'D:\helpdesk-system\frontend\node_modules\core-js-pure\internals'[39m[22m

[1m[31mERROR[39m[22m in [1m./node_modules/core-js-pure/internals/has-own-property.js[39m[22m [1m[32m4:15-48[39m[22m
[1mModule [1m[31mnot found[39m[22m[1m: [1m[31mError[39m[22m[1m: Can't resolve '../internals/to-object' in 'D:\helpdesk-system\frontend\node_modules\core-js-pure\internals'[39m[22m

[1m[31mERROR[39m[22m in [1m./src/App.js[39m[22m
[1mCannot read properties of undefined (reading 'module')[39m[22m

[1m[31mERROR[39m[22m in [1m./src/components/AdminLayout.js[39m[22m
[1mCannot read properties of undefined (reading 'module')[39m[22m

[1m[31mERROR[39m[22m in [1m./src/components/AdminSidebar.js[39m[22m
[1mCannot read properties of undefined (reading 'module')[39m[22m

[1m[31mERROR[39m[22m in [1m./src/components/Footer.js[39m[22m
[1mCannot read properties of undefined (reading 'module')[39m[22m

[1m[31mERROR[39m[22m in [1m./src/components/Navbar.js[39m[22m
[1mCannot read properties of undefined (reading 'module')[39m[22m

[1m[31mERROR[39m[22m in [1m./src/components/ProtectedRoute.js[39m[22m
[1mCannot read properties of undefined (reading 'module')[39m[22m

[1m[31mERROR[39m[22m in [1m./src/components/Sidebar.js[39m[22m
[1mCannot read properties of undefined (reading 'module')[39m[22m

[1m[31mERROR[39m[22m in [1m./src/components/TechnicianSidebar.js[39m[22m
[1mCannot read properties of undefined (reading 'module')[39m[22m

[1m[31mERROR[39m[22m in [1m./src/components/catalogue/ResourceFilters.js[39m[22m
[1mCannot read properties of undefined (reading 'module')[39m[22m

[1m[31mERROR[39m[22m in [1m./src/index.js[39m[22m
[1mCannot read properties of undefined (reading 'module')[39m[22m

[1m[31mERROR[39m[22m in [1m./src/pages/AccessDenied.js[39m[22m
[1mCannot read properties of undefined (reading 'module')[39m[22m

[1m[31mERROR[39m[22m in [1m./src/pages/AdminDashboard.js[39m[22m
[1mCannot read properties of undefined (reading 'module')[39m[22m

[1m[31mERROR[39m[22m in [1m./src/pages/AdminUserManagement.js[39m[22m
[1mCannot read properties of undefined (reading 'module')[39m[22m

[1m[31mERROR[39m[22m in [1m./src/pages/Home.js[39m[22m
[1mCannot read properties of undefined (reading 'module')[39m[22m

[1m[31mERROR[39m[22m in [1m./src/pages/Login.js[39m[22m
[1mCannot read properties of undefined (reading 'module')[39m[22m

[1m[31mERROR[39m[22m in [1m./src/pages/OAuth2RedirectHandler.js[39m[22m
[1mCannot read properties of undefined (reading 'module')[39m[22m

[1m[31mERROR[39m[22m in [1m./src/pages/Register.js[39m[22m
[1mCannot read properties of undefined (reading 'module')[39m[22m

[1m[31mERROR[39m[22m in [1m./src/pages/ResourceFormPage.jsx[39m[22m
[1mCannot read properties of undefined (reading 'module')[39m[22m

[1m[31mERROR[39m[22m in [1m./src/pages/ResourceListPage.jsx[39m[22m
[1mCannot read properties of undefined (reading 'module')[39m[22m

[1m[31mERROR[39m[22m in [1m./src/pages/UserDashboard.js[39m[22m
[1mCannot read properties of undefined (reading 'module')[39m[22m

[1m[31mERROR[39m[22m in [1m./src/pages/UserProfile.js[39m[22m
[1mCannot read properties of undefined (reading 'module')[39m[22m

[1m[31mERROR[39m[22m in [1m./src/pages/UserResourceCatalogue.js[39m[22m
[1mCannot read properties of undefined (reading 'module')[39m[22m

[1m[31mERROR[39m[22m in [1m./src/reportWebVitals.js[39m[22m
[1mCannot read properties of undefined (reading 'module')[39m[22m

[1m[31mERROR[39m[22m in [1m./src/services/api.js[39m[22m
[1mCannot read properties of undefined (reading 'module')[39m[22m

[1m[31mERROR[39m[22m in [1m./src/utils/api.js[39m[22m
[1mCannot read properties of undefined (reading 'module')[39m[22m

webpack compiled with [1m[31m60 errors[39m[22m
Compiling...
Failed to compile.

Module not found: Error: Can't resolve 'D:\helpdesk-system\frontend\node_modules\@pmmmwh\react-refresh-webpack-plugin\lib\runtime\RefreshUtils.js' in 'D:\helpdesk-system\frontend\src'
[1mLOG from webpack.FileSystemInfo[39m[22m
<w> [1m[33mManaged item D:\helpdesk-system\frontend\node_modules\core-js-pure isn't a directory or doesn't contain a package.json (see snapshot.managedPaths option)[39m[22m
+ 15 hidden lines

[1m[31mERROR[39m[22m in [1m./src/App.js[39m[22m [1m[32m283:37-60[39m[22m
[1mModule [1m[31mnot found[39m[22m[1m: [1m[31mError[39m[22m[1m: Can't resolve 'D:\helpdesk-system\frontend\node_modules\@pmmmwh\react-refresh-webpack-plugin\lib\runtime\RefreshUtils.js' in 'D:\helpdesk-system\frontend\src'[39m[22m

[1m[31mERROR[39m[22m in [1m./src/components/AdminLayout.js[39m[22m [1m[32m67:37-60[39m[22m
[1mModule [1m[31mnot found[39m[22m[1m: [1m[31mError[39m[22m[1m: Can't resolve 'D:\helpdesk-system\frontend\node_modules\@pmmmwh\react-refresh-webpack-plugin\lib\runtime\RefreshUtils.js' in 'D:\helpdesk-system\frontend\src\components'[39m[22m

[1m[31mERROR[39m[22m in [1m./src/components/AdminSidebar.js[39m[22m [1m[32m183:37-60[39m[22m
[1mModule [1m[31mnot found[39m[22m[1m: [1m[31mError[39m[22m[1m: Can't resolve 'D:\helpdesk-system\frontend\node_modules\@pmmmwh\react-refresh-webpack-plugin\lib\runtime\RefreshUtils.js' in 'D:\helpdesk-system\frontend\src\components'[39m[22m

[1m[31mERROR[39m[22m in [1m./src/components/Footer.js[39m[22m [1m[32m118:37-60[39m[22m
[1mModule [1m[31mnot found[39m[22m[1m: [1m[31mError[39m[22m[1m: Can't resolve 'D:\helpdesk-system\frontend\node_modules\@pmmmwh\react-refresh-webpack-plugin\lib\runtime\RefreshUtils.js' in 'D:\helpdesk-system\frontend\src\components'[39m[22m

[1m[31mERROR[39m[22m in [1m./src/components/Navbar.js[39m[22m [1m[32m231:37-60[39m[22m
[1mModule [1m[31mnot found[39m[22m[1m: [1m[31mError[39m[22m[1m: Can't resolve 'D:\helpdesk-system\frontend\node_modules\@pmmmwh\react-refresh-webpack-plugin\lib\runtime\RefreshUtils.js' in 'D:\helpdesk-system\frontend\src\components'[39m[22m

[1m[31mERROR[39m[22m in [1m./src/components/ProtectedRoute.js[39m[22m [1m[32m43:37-60[39m[22m
[1mModule [1m[31mnot found[39m[22m[1m: [1m[31mError[39m[22m[1m: Can't resolve 'D:\helpdesk-system\frontend\node_modules\@pmmmwh\react-refresh-webpack-plugin\lib\runtime\RefreshUtils.js' in 'D:\helpdesk-system\frontend\src\components'[39m[22m

[1m[31mERROR[39m[22m in [1m./src/components/Sidebar.js[39m[22m [1m[32m119:37-60[39m[22m
[1mModule [1m[31mnot found[39m[22m[1m: [1m[31mError[39m[22m[1m: Can't resolve 'D:\helpdesk-system\frontend\node_modules\@pmmmwh\react-refresh-webpack-plugin\lib\runtime\RefreshUtils.js' in 'D:\helpdesk-system\frontend\src\components'[39m[22m

[1m[31mERROR[39m[22m in [1m./src/components/TechnicianSidebar.js[39m[22m [1m[32m159:37-60[39m[22m
[1mModule [1m[31mnot found[39m[22m[1m: [1m[31mError[39m[22m[1m: Can't resolve 'D:\helpdesk-system\frontend\node_modules\@pmmmwh\react-refresh-webpack-plugin\lib\runtime\RefreshUtils.js' in 'D:\helpdesk-system\frontend\src\components'[39m[22m

[1m[31mERROR[39m[22m in [1m./src/components/catalogue/ResourceFilters.js[39m[22m [1m[32m213:37-60[39m[22m
[1mModule [1m[31mnot found[39m[22m[1m: [1m[31mError[39m[22m[1m: Can't resolve 'D:\helpdesk-system\frontend\node_modules\@pmmmwh\react-refresh-webpack-plugin\lib\runtime\RefreshUtils.js' in 'D:\helpdesk-system\frontend\src\components\catalogue'[39m[22m

[1m[31mERROR[39m[22m in [1m./src/index.js[39m[22m [1m[32m29:37-60[39m[22m
[1mModule [1m[31mnot found[39m[22m[1m: [1m[31mError[39m[22m[1m: Can't resolve 'D:\helpdesk-system\frontend\node_modules\@pmmmwh\react-refresh-webpack-plugin\lib\runtime\RefreshUtils.js' in 'D:\helpdesk-system\frontend\src'[39m[22m

[1m[31mERROR[39m[22m in [1m./src/pages/AccessDenied.js[39m[22m [1m[32m97:37-60[39m[22m
[1mModule [1m[31mnot found[39m[22m[1m: [1m[31mError[39m[22m[1m: Can't resolve 'D:\helpdesk-system\frontend\node_modules\@pmmmwh\react-refresh-webpack-plugin\lib\runtime\RefreshUtils.js' in 'D:\helpdesk-system\frontend\src\pages'[39m[22m

[1m[31mERROR[39m[22m in [1m./src/pages/AdminDashboard.js[39m[22m [1m[32m403:37-60[39m[22m
[1mModule [1m[31mnot found[39m[22m[1m: [1m[31mError[39m[22m[1m: Can't resolve 'D:\helpdesk-system\frontend\node_modules\@pmmmwh\react-refresh-webpack-plugin\lib\runtime\RefreshUtils.js' in 'D:\helpdesk-system\frontend\src\pages'[39m[22m

[1m[31mERROR[39m[22m in [1m./src/pages/AdminUserManagement.js[39m[22m [1m[32m1482:37-60[39m[22m
[1mModule [1m[31mnot found[39m[22m[1m: [1m[31mError[39m[22m[1m: Can't resolve 'D:\helpdesk-system\frontend\node_modules\@pmmmwh\react-refresh-webpack-plugin\lib\runtime\RefreshUtils.js' in 'D:\helpdesk-system\frontend\src\pages'[39m[22m

[1m[31mERROR[39m[22m in [1m./src/pages/Home.js[39m[22m [1m[32m490:37-60[39m[22m
[1mModule [1m[31mnot found[39m[22m[1m: [1m[31mError[39m[22m[1m: Can't resolve 'D:\helpdesk-system\frontend\node_modules\@pmmmwh\react-refresh-webpack-plugin\lib\runtime\RefreshUtils.js' in 'D:\helpdesk-system\frontend\src\pages'[39m[22m

[1m[31mERROR[39m[22m in [1m./src/pages/Login.js[39m[22m [1m[32m334:37-60[39m[22m
[1mModule [1m[31mnot found[39m[22m[1m: [1m[31mError[39m[22m[1m: Can't resolve 'D:\helpdesk-system\frontend\node_modules\@pmmmwh\react-refresh-webpack-plugin\lib\runtime\RefreshUtils.js' in 'D:\helpdesk-system\frontend\src\pages'[39m[22m

[1m[31mERROR[39m[22m in [1m./src/pages/OAuth2RedirectHandler.js[39m[22m [1m[32m359:37-60[39m[22m
[1mModule [1m[31mnot found[39m[22m[1m: [1m[31mError[39m[22m[1m: Can't resolve 'D:\helpdesk-system\frontend\node_modules\@pmmmwh\react-refresh-webpack-plugin\lib\runtime\RefreshUtils.js' in 'D:\helpdesk-system\frontend\src\pages'[39m[22m

[1m[31mERROR[39m[22m in [1m./src/pages/Register.js[39m[22m [1m[32m361:37-60[39m[22m
[1mModule [1m[31mnot found[39m[22m[1m: [1m[31mError[39m[22m[1m: Can't resolve 'D:\helpdesk-system\frontend\node_modules\@pmmmwh\react-refresh-webpack-plugin\lib\runtime\RefreshUtils.js' in 'D:\helpdesk-system\frontend\src\pages'[39m[22m

[1m[31mERROR[39m[22m in [1m./src/pages/ResourceFormPage.jsx[39m[22m [1m[32m963:37-60[39m[22m
[1mModule [1m[31mnot found[39m[22m[1m: [1m[31mError[39m[22m[1m: Can't resolve 'D:\helpdesk-system\frontend\node_modules\@pmmmwh\react-refresh-webpack-plugin\lib\runtime\RefreshUtils.js' in 'D:\helpdesk-system\frontend\src\pages'[39m[22m

[1m[31mERROR[39m[22m in [1m./src/pages/ResourceListPage.jsx[39m[22m [1m[32m799:37-60[39m[22m
[1mModule [1m[31mnot found[39m[22m[1m: [1m[31mError[39m[22m[1m: Can't resolve 'D:\helpdesk-system\frontend\node_modules\@pmmmwh\react-refresh-webpack-plugin\lib\runtime\RefreshUtils.js' in 'D:\helpdesk-system\frontend\src\pages'[39m[22m

[1m[31mERROR[39m[22m in [1m./src/pages/UserDashboard.js[39m[22m [1m[32m719:37-60[39m[22m
[1mModule [1m[31mnot found[39m[22m[1m: [1m[31mError[39m[22m[1m: Can't resolve 'D:\helpdesk-system\frontend\node_modules\@pmmmwh\react-refresh-webpack-plugin\lib\runtime\RefreshUtils.js' in 'D:\helpdesk-system\frontend\src\pages'[39m[22m

[1m[31mERROR[39m[22m in [1m./src/pages/UserProfile.js[39m[22m [1m[32m520:37-60[39m[22m
[1mModule [1m[31mnot found[39m[22m[1m: [1m[31mError[39m[22m[1m: Can't resolve 'D:\helpdesk-system\frontend\node_modules\@pmmmwh\react-refresh-webpack-plugin\lib\runtime\RefreshUtils.js' in 'D:\helpdesk-system\frontend\src\pages'[39m[22m

[1m[31mERROR[39m[22m in [1m./src/pages/UserResourceCatalogue.js[39m[22m [1m[32m401:37-60[39m[22m
[1mModule [1m[31mnot found[39m[22m[1m: [1m[31mError[39m[22m[1m: Can't resolve 'D:\helpdesk-system\frontend\node_modules\@pmmmwh\react-refresh-webpack-plugin\lib\runtime\RefreshUtils.js' in 'D:\helpdesk-system\frontend\src\pages'[39m[22m

[1m[31mERROR[39m[22m in [1m./src/reportWebVitals.js[39m[22m [1m[32m23:37-60[39m[22m
[1mModule [1m[31mnot found[39m[22m[1m: [1m[31mError[39m[22m[1m: Can't resolve 'D:\helpdesk-system\frontend\node_modules\@pmmmwh\react-refresh-webpack-plugin\lib\runtime\RefreshUtils.js' in 'D:\helpdesk-system\frontend\src'[39m[22m

[1m[31mERROR[39m[22m in [1m./src/services/api.js[39m[22m [1m[32m70:37-60[39m[22m
[1mModule [1m[31mnot found[39m[22m[1m: [1m[31mError[39m[22m[1m: Can't resolve 'D:\helpdesk-system\frontend\node_modules\@pmmmwh\react-refresh-webpack-plugin\lib\runtime\RefreshUtils.js' in 'D:\helpdesk-system\frontend\src\services'[39m[22m

[1m[31mERROR[39m[22m in [1m./src/utils/api.js[39m[22m [1m[32m36:37-60[39m[22m
[1mModule [1m[31mnot found[39m[22m[1m: [1m[31mError[39m[22m[1m: Can't resolve 'D:\helpdesk-system\frontend\node_modules\@pmmmwh\react-refresh-webpack-plugin\lib\runtime\RefreshUtils.js' in 'D:\helpdesk-system\frontend\src\utils'[39m[22m

[1m[31mERROR[39m[22m in [1m./node_modules/core-js-pure/internals/a-callable.js[39m[22m [1m[32m3:17-52[39m[22m
[1mModule [1m[31mnot found[39m[22m[1m: [1m[31mError[39m[22m[1m: Can't resolve '../internals/is-callable' in 'D:\helpdesk-system\frontend\node_modules\core-js-pure\internals'[39m[22m

[1m[31mERROR[39m[22m in [1m./node_modules/core-js-pure/internals/a-callable.js[39m[22m [1m[32m4:18-55[39m[22m
[1mModule [1m[31mnot found[39m[22m[1m: [1m[31mError[39m[22m[1m: Can't resolve '../internals/try-to-string' in 'D:\helpdesk-system\frontend\node_modules\core-js-pure\internals'[39m[22m

[1m[31mERROR[39m[22m in [1m./node_modules/core-js-pure/internals/create-non-enumerable-property.js[39m[22m [1m[32m4:27-73[39m[22m
[1mModule [1m[31mnot found[39m[22m[1m: [1m[31mError[39m[22m[1m: Can't resolve '../internals/object-define-property' in 'D:\helpdesk-system\frontend\node_modules\core-js-pure\internals'[39m[22m

[1m[31mERROR[39m[22m in [1m./node_modules/core-js-pure/internals/export.js[39m[22m [1m[32m6:17-52[39m[22m
[1mModule [1m[31mnot found[39m[22m[1m: [1m[31mError[39m[22m[1m: Can't resolve '../internals/is-callable' in 'D:\helpdesk-system\frontend\node_modules\core-js-pure\internals'[39m[22m

[1m[31mERROR[39m[22m in [1m./node_modules/core-js-pure/internals/export.js[39m[22m [1m[32m7:31-91[39m[22m
[1mModule [1m[31mnot found[39m[22m[1m: [1m[31mError[39m[22m[1m: Can't resolve '../internals/object-get-own-property-descriptor' in 'D:\helpdesk-system\frontend\node_modules\core-js-pure\internals'[39m[22m

[1m[31mERROR[39m[22m in [1m./node_modules/core-js-pure/internals/export.js[39m[22m [1m[32m8:15-48[39m[22m
[1mModule [1m[31mnot found[39m[22m[1m: [1m[31mError[39m[22m[1m: Can't resolve '../internals/is-forced' in 'D:\helpdesk-system\frontend\node_modules\core-js-pure\internals'[39m[22m

[1m[31mERROR[39m[22m in [1m./node_modules/core-js-pure/internals/export.js[39m[22m [1m[32m9:11-39[39m[22m
[1mModule [1m[31mnot found[39m[22m[1m: [1m[31mError[39m[22m[1m: Can't resolve '../internals/path' in 'D:\helpdesk-system\frontend\node_modules\core-js-pure\internals'[39m[22m

[1m[31mERROR[39m[22m in [1m./node_modules/core-js-pure/internals/export.js[39m[22m [1m[32m14:0-36[39m[22m
[1mModule [1m[31mnot found[39m[22m[1m: [1m[31mError[39m[22m[1m: Can't resolve '../internals/shared-store' in 'D:\helpdesk-system\frontend\node_modules\core-js-pure\internals'[39m[22m

[1m[31mERROR[39m[22m in [1m./node_modules/core-js-pure/internals/has-own-property.js[39m[22m [1m[32m4:15-48[39m[22m
[1mModule [1m[31mnot found[39m[22m[1m: [1m[31mError[39m[22m[1m: Can't resolve '../internals/to-object' in 'D:\helpdesk-system\frontend\node_modules\core-js-pure\internals'[39m[22m

[1m[31mERROR[39m[22m in [1m./src/App.js[39m[22m
[1mCannot read properties of undefined (reading 'module')[39m[22m

[1m[31mERROR[39m[22m in [1m./src/components/AdminLayout.js[39m[22m
[1mCannot read properties of undefined (reading 'module')[39m[22m

[1m[31mERROR[39m[22m in [1m./src/components/AdminSidebar.js[39m[22m
[1mCannot read properties of undefined (reading 'module')[39m[22m

[1m[31mERROR[39m[22m in [1m./src/components/Footer.js[39m[22m
[1mCannot read properties of undefined (reading 'module')[39m[22m

[1m[31mERROR[39m[22m in [1m./src/components/Navbar.js[39m[22m
[1mCannot read properties of undefined (reading 'module')[39m[22m

[1m[31mERROR[39m[22m in [1m./src/components/ProtectedRoute.js[39m[22m
[1mCannot read properties of undefined (reading 'module')[39m[22m

[1m[31mERROR[39m[22m in [1m./src/components/Sidebar.js[39m[22m
[1mCannot read properties of undefined (reading 'module')[39m[22m

[1m[31mERROR[39m[22m in [1m./src/components/TechnicianSidebar.js[39m[22m
[1mCannot read properties of undefined (reading 'module')[39m[22m

[1m[31mERROR[39m[22m in [1m./src/components/catalogue/ResourceFilters.js[39m[22m
[1mCannot read properties of undefined (reading 'module')[39m[22m

[1m[31mERROR[39m[22m in [1m./src/index.js[39m[22m
[1mCannot read properties of undefined (reading 'module')[39m[22m

[1m[31mERROR[39m[22m in [1m./src/pages/AccessDenied.js[39m[22m
[1mCannot read properties of undefined (reading 'module')[39m[22m

[1m[31mERROR[39m[22m in [1m./src/pages/AdminDashboard.js[39m[22m
[1mCannot read properties of undefined (reading 'module')[39m[22m

[1m[31mERROR[39m[22m in [1m./src/pages/AdminUserManagement.js[39m[22m
[1mCannot read properties of undefined (reading 'module')[39m[22m

[1m[31mERROR[39m[22m in [1m./src/pages/Home.js[39m[22m
[1mCannot read properties of undefined (reading 'module')[39m[22m

[1m[31mERROR[39m[22m in [1m./src/pages/Login.js[39m[22m
[1mCannot read properties of undefined (reading 'module')[39m[22m

[1m[31mERROR[39m[22m in [1m./src/pages/OAuth2RedirectHandler.js[39m[22m
[1mCannot read properties of undefined (reading 'module')[39m[22m

[1m[31mERROR[39m[22m in [1m./src/pages/Register.js[39m[22m
[1mCannot read properties of undefined (reading 'module')[39m[22m

[1m[31mERROR[39m[22m in [1m./src/pages/ResourceFormPage.jsx[39m[22m
[1mCannot read properties of undefined (reading 'module')[39m[22m

[1m[31mERROR[39m[22m in [1m./src/pages/ResourceListPage.jsx[39m[22m
[1mCannot read properties of undefined (reading 'module')[39m[22m

[1m[31mERROR[39m[22m in [1m./src/pages/UserDashboard.js[39m[22m
[1mCannot read properties of undefined (reading 'module')[39m[22m

[1m[31mERROR[39m[22m in [1m./src/pages/UserProfile.js[39m[22m
[1mCannot read properties of undefined (reading 'module')[39m[22m

[1m[31mERROR[39m[22m in [1m./src/pages/UserResourceCatalogue.js[39m[22m
[1mCannot read properties of undefined (reading 'module')[39m[22m

[1m[31mERROR[39m[22m in [1m./src/reportWebVitals.js[39m[22m
[1mCannot read properties of undefined (reading 'module')[39m[22m

[1m[31mERROR[39m[22m in [1m./src/services/api.js[39m[22m
[1mCannot read properties of undefined (reading 'module')[39m[22m

[1m[31mERROR[39m[22m in [1m./src/utils/api.js[39m[22m
[1mCannot read properties of undefined (reading 'module')[39m[22m

webpack compiled with [1m[31m59 errors[39m[22m
Compiling...
Failed to compile.

Module not found: Error: Can't resolve 'D:\helpdesk-system\frontend\node_modules\@pmmmwh\react-refresh-webpack-plugin\lib\runtime\RefreshUtils.js' in 'D:\helpdesk-system\frontend\src'
[1mLOG from webpack.FileSystemInfo[39m[22m
<w> [1m[33mManaged item D:\helpdesk-system\frontend\node_modules\core-js-pure isn't a directory or doesn't contain a package.json (see snapshot.managedPaths option)[39m[22m
+ 18 hidden lines

[1m[31mERROR[39m[22m in [1m./src/App.js[39m[22m [1m[32m283:37-60[39m[22m
[1mModule [1m[31mnot found[39m[22m[1m: [1m[31mError[39m[22m[1m: Can't resolve 'D:\helpdesk-system\frontend\node_modules\@pmmmwh\react-refresh-webpack-plugin\lib\runtime\RefreshUtils.js' in 'D:\helpdesk-system\frontend\src'[39m[22m

[1m[31mERROR[39m[22m in [1m./src/components/AdminLayout.js[39m[22m [1m[32m67:37-60[39m[22m
[1mModule [1m[31mnot found[39m[22m[1m: [1m[31mError[39m[22m[1m: Can't resolve 'D:\helpdesk-system\frontend\node_modules\@pmmmwh\react-refresh-webpack-plugin\lib\runtime\RefreshUtils.js' in 'D:\helpdesk-system\frontend\src\components'[39m[22m

[1m[31mERROR[39m[22m in [1m./src/components/AdminSidebar.js[39m[22m [1m[32m183:37-60[39m[22m
[1mModule [1m[31mnot found[39m[22m[1m: [1m[31mError[39m[22m[1m: Can't resolve 'D:\helpdesk-system\frontend\node_modules\@pmmmwh\react-refresh-webpack-plugin\lib\runtime\RefreshUtils.js' in 'D:\helpdesk-system\frontend\src\components'[39m[22m

[1m[31mERROR[39m[22m in [1m./src/components/Footer.js[39m[22m [1m[32m118:37-60[39m[22m
[1mModule [1m[31mnot found[39m[22m[1m: [1m[31mError[39m[22m[1m: Can't resolve 'D:\helpdesk-system\frontend\node_modules\@pmmmwh\react-refresh-webpack-plugin\lib\runtime\RefreshUtils.js' in 'D:\helpdesk-system\frontend\src\components'[39m[22m

[1m[31mERROR[39m[22m in [1m./src/components/Navbar.js[39m[22m [1m[32m231:37-60[39m[22m
[1mModule [1m[31mnot found[39m[22m[1m: [1m[31mError[39m[22m[1m: Can't resolve 'D:\helpdesk-system\frontend\node_modules\@pmmmwh\react-refresh-webpack-plugin\lib\runtime\RefreshUtils.js' in 'D:\helpdesk-system\frontend\src\components'[39m[22m

[1m[31mERROR[39m[22m in [1m./src/components/ProtectedRoute.js[39m[22m [1m[32m43:37-60[39m[22m
[1mModule [1m[31mnot found[39m[22m[1m: [1m[31mError[39m[22m[1m: Can't resolve 'D:\helpdesk-system\frontend\node_modules\@pmmmwh\react-refresh-webpack-plugin\lib\runtime\RefreshUtils.js' in 'D:\helpdesk-system\frontend\src\components'[39m[22m

[1m[31mERROR[39m[22m in [1m./src/components/Sidebar.js[39m[22m [1m[32m119:37-60[39m[22m
[1mModule [1m[31mnot found[39m[22m[1m: [1m[31mError[39m[22m[1m: Can't resolve 'D:\helpdesk-system\frontend\node_modules\@pmmmwh\react-refresh-webpack-plugin\lib\runtime\RefreshUtils.js' in 'D:\helpdesk-system\frontend\src\components'[39m[22m

[1m[31mERROR[39m[22m in [1m./src/components/TechnicianSidebar.js[39m[22m [1m[32m159:37-60[39m[22m
[1mModule [1m[31mnot found[39m[22m[1m: [1m[31mError[39m[22m[1m: Can't resolve 'D:\helpdesk-system\frontend\node_modules\@pmmmwh\react-refresh-webpack-plugin\lib\runtime\RefreshUtils.js' in 'D:\helpdesk-system\frontend\src\components'[39m[22m

[1m[31mERROR[39m[22m in [1m./src/components/catalogue/ResourceFilters.js[39m[22m [1m[32m213:37-60[39m[22m
[1mModule [1m[31mnot found[39m[22m[1m: [1m[31mError[39m[22m[1m: Can't resolve 'D:\helpdesk-system\frontend\node_modules\@pmmmwh\react-refresh-webpack-plugin\lib\runtime\RefreshUtils.js' in 'D:\helpdesk-system\frontend\src\components\catalogue'[39m[22m

[1m[31mERROR[39m[22m in [1m./src/index.js[39m[22m [1m[32m29:37-60[39m[22m
[1mModule [1m[31mnot found[39m[22m[1m: [1m[31mError[39m[22m[1m: Can't resolve 'D:\helpdesk-system\frontend\node_modules\@pmmmwh\react-refresh-webpack-plugin\lib\runtime\RefreshUtils.js' in 'D:\helpdesk-system\frontend\src'[39m[22m

[1m[31mERROR[39m[22m in [1m./src/pages/AccessDenied.js[39m[22m [1m[32m97:37-60[39m[22m
[1mModule [1m[31mnot found[39m[22m[1m: [1m[31mError[39m[22m[1m: Can't resolve 'D:\helpdesk-system\frontend\node_modules\@pmmmwh\react-refresh-webpack-plugin\lib\runtime\RefreshUtils.js' in 'D:\helpdesk-system\frontend\src\pages'[39m[22m

[1m[31mERROR[39m[22m in [1m./src/pages/AdminDashboard.js[39m[22m [1m[32m403:37-60[39m[22m
[1mModule [1m[31mnot found[39m[22m[1m: [1m[31mError[39m[22m[1m: Can't resolve 'D:\helpdesk-system\frontend\node_modules\@pmmmwh\react-refresh-webpack-plugin\lib\runtime\RefreshUtils.js' in 'D:\helpdesk-system\frontend\src\pages'[39m[22m

[1m[31mERROR[39m[22m in [1m./src/pages/AdminUserManagement.js[39m[22m [1m[32m1482:37-60[39m[22m
[1mModule [1m[31mnot found[39m[22m[1m: [1m[31mError[39m[22m[1m: Can't resolve 'D:\helpdesk-system\frontend\node_modules\@pmmmwh\react-refresh-webpack-plugin\lib\runtime\RefreshUtils.js' in 'D:\helpdesk-system\frontend\src\pages'[39m[22m

[1m[31mERROR[39m[22m in [1m./src/pages/Home.js[39m[22m [1m[32m490:37-60[39m[22m
[1mModule [1m[31mnot found[39m[22m[1m: [1m[31mError[39m[22m[1m: Can't resolve 'D:\helpdesk-system\frontend\node_modules\@pmmmwh\react-refresh-webpack-plugin\lib\runtime\RefreshUtils.js' in 'D:\helpdesk-system\frontend\src\pages'[39m[22m

[1m[31mERROR[39m[22m in [1m./src/pages/Login.js[39m[22m [1m[32m334:37-60[39m[22m
[1mModule [1m[31mnot found[39m[22m[1m: [1m[31mError[39m[22m[1m: Can't resolve 'D:\helpdesk-system\frontend\node_modules\@pmmmwh\react-refresh-webpack-plugin\lib\runtime\RefreshUtils.js' in 'D:\helpdesk-system\frontend\src\pages'[39m[22m

[1m[31mERROR[39m[22m in [1m./src/pages/OAuth2RedirectHandler.js[39m[22m [1m[32m359:37-60[39m[22m
[1mModule [1m[31mnot found[39m[22m[1m: [1m[31mError[39m[22m[1m: Can't resolve 'D:\helpdesk-system\frontend\node_modules\@pmmmwh\react-refresh-webpack-plugin\lib\runtime\RefreshUtils.js' in 'D:\helpdesk-system\frontend\src\pages'[39m[22m

[1m[31mERROR[39m[22m in [1m./src/pages/Register.js[39m[22m [1m[32m361:37-60[39m[22m
[1mModule [1m[31mnot found[39m[22m[1m: [1m[31mError[39m[22m[1m: Can't resolve 'D:\helpdesk-system\frontend\node_modules\@pmmmwh\react-refresh-webpack-plugin\lib\runtime\RefreshUtils.js' in 'D:\helpdesk-system\frontend\src\pages'[39m[22m

[1m[31mERROR[39m[22m in [1m./src/pages/ResourceFormPage.jsx[39m[22m [1m[32m963:37-60[39m[22m
[1mModule [1m[31mnot found[39m[22m[1m: [1m[31mError[39m[22m[1m: Can't resolve 'D:\helpdesk-system\frontend\node_modules\@pmmmwh\react-refresh-webpack-plugin\lib\runtime\RefreshUtils.js' in 'D:\helpdesk-system\frontend\src\pages'[39m[22m

[1m[31mERROR[39m[22m in [1m./src/pages/ResourceListPage.jsx[39m[22m [1m[32m799:37-60[39m[22m
[1mModule [1m[31mnot found[39m[22m[1m: [1m[31mError[39m[22m[1m: Can't resolve 'D:\helpdesk-system\frontend\node_modules\@pmmmwh\react-refresh-webpack-plugin\lib\runtime\RefreshUtils.js' in 'D:\helpdesk-system\frontend\src\pages'[39m[22m

[1m[31mERROR[39m[22m in [1m./src/pages/UserDashboard.js[39m[22m [1m[32m719:37-60[39m[22m
[1mModule [1m[31mnot found[39m[22m[1m: [1m[31mError[39m[22m[1m: Can't resolve 'D:\helpdesk-system\frontend\node_modules\@pmmmwh\react-refresh-webpack-plugin\lib\runtime\RefreshUtils.js' in 'D:\helpdesk-system\frontend\src\pages'[39m[22m

[1m[31mERROR[39m[22m in [1m./src/pages/UserProfile.js[39m[22m [1m[32m520:37-60[39m[22m
[1mModule [1m[31mnot found[39m[22m[1m: [1m[31mError[39m[22m[1m: Can't resolve 'D:\helpdesk-system\frontend\node_modules\@pmmmwh\react-refresh-webpack-plugin\lib\runtime\RefreshUtils.js' in 'D:\helpdesk-system\frontend\src\pages'[39m[22m

[1m[31mERROR[39m[22m in [1m./src/pages/UserResourceCatalogue.js[39m[22m [1m[32m401:37-60[39m[22m
[1mModule [1m[31mnot found[39m[22m[1m: [1m[31mError[39m[22m[1m: Can't resolve 'D:\helpdesk-system\frontend\node_modules\@pmmmwh\react-refresh-webpack-plugin\lib\runtime\RefreshUtils.js' in 'D:\helpdesk-system\frontend\src\pages'[39m[22m

[1m[31mERROR[39m[22m in [1m./src/reportWebVitals.js[39m[22m [1m[32m23:37-60[39m[22m
[1mModule [1m[31mnot found[39m[22m[1m: [1m[31mError[39m[22m[1m: Can't resolve 'D:\helpdesk-system\frontend\node_modules\@pmmmwh\react-refresh-webpack-plugin\lib\runtime\RefreshUtils.js' in 'D:\helpdesk-system\frontend\src'[39m[22m

[1m[31mERROR[39m[22m in [1m./src/services/api.js[39m[22m [1m[32m70:37-60[39m[22m
[1mModule [1m[31mnot found[39m[22m[1m: [1m[31mError[39m[22m[1m: Can't resolve 'D:\helpdesk-system\frontend\node_modules\@pmmmwh\react-refresh-webpack-plugin\lib\runtime\RefreshUtils.js' in 'D:\helpdesk-system\frontend\src\services'[39m[22m

[1m[31mERROR[39m[22m in [1m./src/utils/api.js[39m[22m [1m[32m36:37-60[39m[22m
[1mModule [1m[31mnot found[39m[22m[1m: [1m[31mError[39m[22m[1m: Can't resolve 'D:\helpdesk-system\frontend\node_modules\@pmmmwh\react-refresh-webpack-plugin\lib\runtime\RefreshUtils.js' in 'D:\helpdesk-system\frontend\src\utils'[39m[22m

[1m[31mERROR[39m[22m in [1m./node_modules/core-js-pure/internals/a-callable.js[39m[22m [1m[32m3:17-52[39m[22m
[1mModule [1m[31mnot found[39m[22m[1m: [1m[31mError[39m[22m[1m: Can't resolve '../internals/is-callable' in 'D:\helpdesk-system\frontend\node_modules\core-js-pure\internals'[39m[22m

[1m[31mERROR[39m[22m in [1m./node_modules/core-js-pure/internals/a-callable.js[39m[22m [1m[32m4:18-55[39m[22m
[1mModule [1m[31mnot found[39m[22m[1m: [1m[31mError[39m[22m[1m: Can't resolve '../internals/try-to-string' in 'D:\helpdesk-system\frontend\node_modules\core-js-pure\internals'[39m[22m

[1m[31mERROR[39m[22m in [1m./node_modules/core-js-pure/internals/export.js[39m[22m [1m[32m6:17-52[39m[22m
[1mModule [1m[31mnot found[39m[22m[1m: [1m[31mError[39m[22m[1m: Can't resolve '../internals/is-callable' in 'D:\helpdesk-system\frontend\node_modules\core-js-pure\internals'[39m[22m

[1m[31mERROR[39m[22m in [1m./node_modules/core-js-pure/internals/export.js[39m[22m [1m[32m8:15-48[39m[22m
[1mModule [1m[31mnot found[39m[22m[1m: [1m[31mError[39m[22m[1m: Can't resolve '../internals/is-forced' in 'D:\helpdesk-system\frontend\node_modules\core-js-pure\internals'[39m[22m

[1m[31mERROR[39m[22m in [1m./node_modules/core-js-pure/internals/export.js[39m[22m [1m[32m14:0-36[39m[22m
[1mModule [1m[31mnot found[39m[22m[1m: [1m[31mError[39m[22m[1m: Can't resolve '../internals/shared-store' in 'D:\helpdesk-system\frontend\node_modules\core-js-pure\internals'[39m[22m

[1m[31mERROR[39m[22m in [1m./node_modules/core-js-pure/internals/get-built-in.js[39m[22m [1m[32m5:17-52[39m[22m
[1mModule [1m[31mnot found[39m[22m[1m: [1m[31mError[39m[22m[1m: Can't resolve '../internals/is-callable' in 'D:\helpdesk-system\frontend\node_modules\core-js-pure\internals'[39m[22m

[1m[31mERROR[39m[22m in [1m./node_modules/core-js-pure/internals/has-own-property.js[39m[22m [1m[32m4:15-48[39m[22m
[1mModule [1m[31mnot found[39m[22m[1m: [1m[31mError[39m[22m[1m: Can't resolve '../internals/to-object' in 'D:\helpdesk-system\frontend\node_modules\core-js-pure\internals'[39m[22m

[1m[31mERROR[39m[22m in [1m./node_modules/core-js-pure/internals/is-object.js[39m[22m [1m[32m3:17-52[39m[22m
[1mModule [1m[31mnot found[39m[22m[1m: [1m[31mError[39m[22m[1m: Can't resolve '../internals/is-callable' in 'D:\helpdesk-system\frontend\node_modules\core-js-pure\internals'[39m[22m

[1m[31mERROR[39m[22m in [1m./node_modules/core-js-pure/internals/is-symbol.js[39m[22m [1m[32m4:17-52[39m[22m
[1mModule [1m[31mnot found[39m[22m[1m: [1m[31mError[39m[22m[1m: Can't resolve '../internals/is-callable' in 'D:\helpdesk-system\frontend\node_modules\core-js-pure\internals'[39m[22m

[1m[31mERROR[39m[22m in [1m./node_modules/core-js-pure/internals/ordinary-to-primitive.js[39m[22m [1m[32m4:17-52[39m[22m
[1mModule [1m[31mnot found[39m[22m[1m: [1m[31mError[39m[22m[1m: Can't resolve '../internals/is-callable' in 'D:\helpdesk-system\frontend\node_modules\core-js-pure\internals'[39m[22m

[1m[31mERROR[39m[22m in [1m./node_modules/core-js-pure/internals/shared.js[39m[22m [1m[32m3:12-48[39m[22m
[1mModule [1m[31mnot found[39m[22m[1m: [1m[31mError[39m[22m[1m: Can't resolve '../internals/shared-store' in 'D:\helpdesk-system\frontend\node_modules\core-js-pure\internals'[39m[22m

[1m[31mERROR[39m[22m in [1m./src/App.js[39m[22m
[1mCannot read properties of undefined (reading 'module')[39m[22m

[1m[31mERROR[39m[22m in [1m./src/components/AdminLayout.js[39m[22m
[1mCannot read properties of undefined (reading 'module')[39m[22m

[1m[31mERROR[39m[22m in [1m./src/components/AdminSidebar.js[39m[22m
[1mCannot read properties of undefined (reading 'module')[39m[22m

[1m[31mERROR[39m[22m in [1m./src/components/Footer.js[39m[22m
[1mCannot read properties of undefined (reading 'module')[39m[22m

[1m[31mERROR[39m[22m in [1m./src/components/Navbar.js[39m[22m
[1mCannot read properties of undefined (reading 'module')[39m[22m

[1m[31mERROR[39m[22m in [1m./src/components/ProtectedRoute.js[39m[22m
[1mCannot read properties of undefined (reading 'module')[39m[22m

[1m[31mERROR[39m[22m in [1m./src/components/Sidebar.js[39m[22m
[1mCannot read properties of undefined (reading 'module')[39m[22m

[1m[31mERROR[39m[22m in [1m./src/components/TechnicianSidebar.js[39m[22m
[1mCannot read properties of undefined (reading 'module')[39m[22m

[1m[31mERROR[39m[22m in [1m./src/components/catalogue/ResourceFilters.js[39m[22m
[1mCannot read properties of undefined (reading 'module')[39m[22m

[1m[31mERROR[39m[22m in [1m./src/index.js[39m[22m
[1mCannot read properties of undefined (reading 'module')[39m[22m

[1m[31mERROR[39m[22m in [1m./src/pages/AccessDenied.js[39m[22m
[1mCannot read properties of undefined (reading 'module')[39m[22m

[1m[31mERROR[39m[22m in [1m./src/pages/AdminDashboard.js[39m[22m
[1mCannot read properties of undefined (reading 'module')[39m[22m

[1m[31mERROR[39m[22m in [1m./src/pages/AdminUserManagement.js[39m[22m
[1mCannot read properties of undefined (reading 'module')[39m[22m

[1m[31mERROR[39m[22m in [1m./src/pages/Home.js[39m[22m
[1mCannot read properties of undefined (reading 'module')[39m[22m

[1m[31mERROR[39m[22m in [1m./src/pages/Login.js[39m[22m
[1mCannot read properties of undefined (reading 'module')[39m[22m

[1m[31mERROR[39m[22m in [1m./src/pages/OAuth2RedirectHandler.js[39m[22m
[1mCannot read properties of undefined (reading 'module')[39m[22m

[1m[31mERROR[39m[22m in [1m./src/pages/Register.js[39m[22m
[1mCannot read properties of undefined (reading 'module')[39m[22m

[1m[31mERROR[39m[22m in [1m./src/pages/ResourceFormPage.jsx[39m[22m
[1mCannot read properties of undefined (reading 'module')[39m[22m

[1m[31mERROR[39m[22m in [1m./src/pages/ResourceListPage.jsx[39m[22m
[1mCannot read properties of undefined (reading 'module')[39m[22m

[1m[31mERROR[39m[22m in [1m./src/pages/UserDashboard.js[39m[22m
[1mCannot read properties of undefined (reading 'module')[39m[22m

[1m[31mERROR[39m[22m in [1m./src/pages/UserProfile.js[39m[22m
[1mCannot read properties of undefined (reading 'module')[39m[22m

[1m[31mERROR[39m[22m in [1m./src/pages/UserResourceCatalogue.js[39m[22m
[1mCannot read properties of undefined (reading 'module')[39m[22m

[1m[31mERROR[39m[22m in [1m./src/reportWebVitals.js[39m[22m
[1mCannot read properties of undefined (reading 'module')[39m[22m

[1m[31mERROR[39m[22m in [1m./src/services/api.js[39m[22m
[1mCannot read properties of undefined (reading 'module')[39m[22m

[1m[31mERROR[39m[22m in [1m./src/utils/api.js[39m[22m
[1mCannot read properties of undefined (reading 'module')[39m[22m

webpack compiled with [1m[31m61 errors[39m[22m
Compiling...
Failed to compile.

Module not found: Error: Can't resolve 'D:\helpdesk-system\frontend\node_modules\@pmmmwh\react-refresh-webpack-plugin\lib\runtime\RefreshUtils.js' in 'D:\helpdesk-system\frontend\src'
[1m[31mERROR[39m[22m in [1m./src/App.js[39m[22m [1m[32m283:37-60[39m[22m
[1mModule [1m[31mnot found[39m[22m[1m: [1m[31mError[39m[22m[1m: Can't resolve 'D:\helpdesk-system\frontend\node_modules\@pmmmwh\react-refresh-webpack-plugin\lib\runtime\RefreshUtils.js' in 'D:\helpdesk-system\frontend\src'[39m[22m

[1m[31mERROR[39m[22m in [1m./src/components/AdminLayout.js[39m[22m [1m[32m67:37-60[39m[22m
[1mModule [1m[31mnot found[39m[22m[1m: [1m[31mError[39m[22m[1m: Can't resolve 'D:\helpdesk-system\frontend\node_modules\@pmmmwh\react-refresh-webpack-plugin\lib\runtime\RefreshUtils.js' in 'D:\helpdesk-system\frontend\src\components'[39m[22m

[1m[31mERROR[39m[22m in [1m./src/components/AdminSidebar.js[39m[22m [1m[32m183:37-60[39m[22m
[1mModule [1m[31mnot found[39m[22m[1m: [1m[31mError[39m[22m[1m: Can't resolve 'D:\helpdesk-system\frontend\node_modules\@pmmmwh\react-refresh-webpack-plugin\lib\runtime\RefreshUtils.js' in 'D:\helpdesk-system\frontend\src\components'[39m[22m

[1m[31mERROR[39m[22m in [1m./src/components/Footer.js[39m[22m [1m[32m118:37-60[39m[22m
[1mModule [1m[31mnot found[39m[22m[1m: [1m[31mError[39m[22m[1m: Can't resolve 'D:\helpdesk-system\frontend\node_modules\@pmmmwh\react-refresh-webpack-plugin\lib\runtime\RefreshUtils.js' in 'D:\helpdesk-system\frontend\src\components'[39m[22m

[1m[31mERROR[39m[22m in [1m./src/components/Navbar.js[39m[22m [1m[32m231:37-60[39m[22m
[1mModule [1m[31mnot found[39m[22m[1m: [1m[31mError[39m[22m[1m: Can't resolve 'D:\helpdesk-system\frontend\node_modules\@pmmmwh\react-refresh-webpack-plugin\lib\runtime\RefreshUtils.js' in 'D:\helpdesk-system\frontend\src\components'[39m[22m

[1m[31mERROR[39m[22m in [1m./src/components/ProtectedRoute.js[39m[22m [1m[32m43:37-60[39m[22m
[1mModule [1m[31mnot found[39m[22m[1m: [1m[31mError[39m[22m[1m: Can't resolve 'D:\helpdesk-system\frontend\node_modules\@pmmmwh\react-refresh-webpack-plugin\lib\runtime\RefreshUtils.js' in 'D:\helpdesk-system\frontend\src\components'[39m[22m

[1m[31mERROR[39m[22m in [1m./src/components/Sidebar.js[39m[22m [1m[32m119:37-60[39m[22m
[1mModule [1m[31mnot found[39m[22m[1m: [1m[31mError[39m[22m[1m: Can't resolve 'D:\helpdesk-system\frontend\node_modules\@pmmmwh\react-refresh-webpack-plugin\lib\runtime\RefreshUtils.js' in 'D:\helpdesk-system\frontend\src\components'[39m[22m

[1m[31mERROR[39m[22m in [1m./src/components/TechnicianSidebar.js[39m[22m [1m[32m159:37-60[39m[22m
[1mModule [1m[31mnot found[39m[22m[1m: [1m[31mError[39m[22m[1m: Can't resolve 'D:\helpdesk-system\frontend\node_modules\@pmmmwh\react-refresh-webpack-plugin\lib\runtime\RefreshUtils.js' in 'D:\helpdesk-system\frontend\src\components'[39m[22m

[1m[31mERROR[39m[22m in [1m./src/components/catalogue/ResourceFilters.js[39m[22m [1m[32m213:37-60[39m[22m
[1mModule [1m[31mnot found[39m[22m[1m: [1m[31mError[39m[22m[1m: Can't resolve 'D:\helpdesk-system\frontend\node_modules\@pmmmwh\react-refresh-webpack-plugin\lib\runtime\RefreshUtils.js' in 'D:\helpdesk-system\frontend\src\components\catalogue'[39m[22m

[1m[31mERROR[39m[22m in [1m./src/index.js[39m[22m [1m[32m29:37-60[39m[22m
[1mModule [1m[31mnot found[39m[22m[1m: [1m[31mError[39m[22m[1m: Can't resolve 'D:\helpdesk-system\frontend\node_modules\@pmmmwh\react-refresh-webpack-plugin\lib\runtime\RefreshUtils.js' in 'D:\helpdesk-system\frontend\src'[39m[22m

[1m[31mERROR[39m[22m in [1m./src/pages/AccessDenied.js[39m[22m [1m[32m97:37-60[39m[22m
[1mModule [1m[31mnot found[39m[22m[1m: [1m[31mError[39m[22m[1m: Can't resolve 'D:\helpdesk-system\frontend\node_modules\@pmmmwh\react-refresh-webpack-plugin\lib\runtime\RefreshUtils.js' in 'D:\helpdesk-system\frontend\src\pages'[39m[22m

[1m[31mERROR[39m[22m in [1m./src/pages/AdminDashboard.js[39m[22m [1m[32m403:37-60[39m[22m
[1mModule [1m[31mnot found[39m[22m[1m: [1m[31mError[39m[22m[1m: Can't resolve 'D:\helpdesk-system\frontend\node_modules\@pmmmwh\react-refresh-webpack-plugin\lib\runtime\RefreshUtils.js' in 'D:\helpdesk-system\frontend\src\pages'[39m[22m

[1m[31mERROR[39m[22m in [1m./src/pages/AdminUserManagement.js[39m[22m [1m[32m1482:37-60[39m[22m
[1mModule [1m[31mnot found[39m[22m[1m: [1m[31mError[39m[22m[1m: Can't resolve 'D:\helpdesk-system\frontend\node_modules\@pmmmwh\react-refresh-webpack-plugin\lib\runtime\RefreshUtils.js' in 'D:\helpdesk-system\frontend\src\pages'[39m[22m

[1m[31mERROR[39m[22m in [1m./src/pages/Home.js[39m[22m [1m[32m490:37-60[39m[22m
[1mModule [1m[31mnot found[39m[22m[1m: [1m[31mError[39m[22m[1m: Can't resolve 'D:\helpdesk-system\frontend\node_modules\@pmmmwh\react-refresh-webpack-plugin\lib\runtime\RefreshUtils.js' in 'D:\helpdesk-system\frontend\src\pages'[39m[22m

[1m[31mERROR[39m[22m in [1m./src/pages/Login.js[39m[22m [1m[32m334:37-60[39m[22m
[1mModule [1m[31mnot found[39m[22m[1m: [1m[31mError[39m[22m[1m: Can't resolve 'D:\helpdesk-system\frontend\node_modules\@pmmmwh\react-refresh-webpack-plugin\lib\runtime\RefreshUtils.js' in 'D:\helpdesk-system\frontend\src\pages'[39m[22m

[1m[31mERROR[39m[22m in [1m./src/pages/OAuth2RedirectHandler.js[39m[22m [1m[32m359:37-60[39m[22m
[1mModule [1m[31mnot found[39m[22m[1m: [1m[31mError[39m[22m[1m: Can't resolve 'D:\helpdesk-system\frontend\node_modules\@pmmmwh\react-refresh-webpack-plugin\lib\runtime\RefreshUtils.js' in 'D:\helpdesk-system\frontend\src\pages'[39m[22m

[1m[31mERROR[39m[22m in [1m./src/pages/Register.js[39m[22m [1m[32m361:37-60[39m[22m
[1mModule [1m[31mnot found[39m[22m[1m: [1m[31mError[39m[22m[1m: Can't resolve 'D:\helpdesk-system\frontend\node_modules\@pmmmwh\react-refresh-webpack-plugin\lib\runtime\RefreshUtils.js' in 'D:\helpdesk-system\frontend\src\pages'[39m[22m

[1m[31mERROR[39m[22m in [1m./src/pages/ResourceFormPage.jsx[39m[22m [1m[32m963:37-60[39m[22m
[1mModule [1m[31mnot found[39m[22m[1m: [1m[31mError[39m[22m[1m: Can't resolve 'D:\helpdesk-system\frontend\node_modules\@pmmmwh\react-refresh-webpack-plugin\lib\runtime\RefreshUtils.js' in 'D:\helpdesk-system\frontend\src\pages'[39m[22m

[1m[31mERROR[39m[22m in [1m./src/pages/ResourceListPage.jsx[39m[22m [1m[32m799:37-60[39m[22m
[1mModule [1m[31mnot found[39m[22m[1m: [1m[31mError[39m[22m[1m: Can't resolve 'D:\helpdesk-system\frontend\node_modules\@pmmmwh\react-refresh-webpack-plugin\lib\runtime\RefreshUtils.js' in 'D:\helpdesk-system\frontend\src\pages'[39m[22m

[1m[31mERROR[39m[22m in [1m./src/pages/UserDashboard.js[39m[22m [1m[32m719:37-60[39m[22m
[1mModule [1m[31mnot found[39m[22m[1m: [1m[31mError[39m[22m[1m: Can't resolve 'D:\helpdesk-system\frontend\node_modules\@pmmmwh\react-refresh-webpack-plugin\lib\runtime\RefreshUtils.js' in 'D:\helpdesk-system\frontend\src\pages'[39m[22m

[1m[31mERROR[39m[22m in [1m./src/pages/UserProfile.js[39m[22m [1m[32m520:37-60[39m[22m
[1mModule [1m[31mnot found[39m[22m[1m: [1m[31mError[39m[22m[1m: Can't resolve 'D:\helpdesk-system\frontend\node_modules\@pmmmwh\react-refresh-webpack-plugin\lib\runtime\RefreshUtils.js' in 'D:\helpdesk-system\frontend\src\pages'[39m[22m

[1m[31mERROR[39m[22m in [1m./src/pages/UserResourceCatalogue.js[39m[22m [1m[32m401:37-60[39m[22m
[1mModule [1m[31mnot found[39m[22m[1m: [1m[31mError[39m[22m[1m: Can't resolve 'D:\helpdesk-system\frontend\node_modules\@pmmmwh\react-refresh-webpack-plugin\lib\runtime\RefreshUtils.js' in 'D:\helpdesk-system\frontend\src\pages'[39m[22m

[1m[31mERROR[39m[22m in [1m./src/reportWebVitals.js[39m[22m [1m[32m23:37-60[39m[22m
[1mModule [1m[31mnot found[39m[22m[1m: [1m[31mError[39m[22m[1m: Can't resolve 'D:\helpdesk-system\frontend\node_modules\@pmmmwh\react-refresh-webpack-plugin\lib\runtime\RefreshUtils.js' in 'D:\helpdesk-system\frontend\src'[39m[22m

[1m[31mERROR[39m[22m in [1m./src/services/api.js[39m[22m [1m[32m70:37-60[39m[22m
[1mModule [1m[31mnot found[39m[22m[1m: [1m[31mError[39m[22m[1m: Can't resolve 'D:\helpdesk-system\frontend\node_modules\@pmmmwh\react-refresh-webpack-plugin\lib\runtime\RefreshUtils.js' in 'D:\helpdesk-system\frontend\src\services'[39m[22m

[1m[31mERROR[39m[22m in [1m./src/utils/api.js[39m[22m [1m[32m36:37-60[39m[22m
[1mModule [1m[31mnot found[39m[22m[1m: [1m[31mError[39m[22m[1m: Can't resolve 'D:\helpdesk-system\frontend\node_modules\@pmmmwh\react-refresh-webpack-plugin\lib\runtime\RefreshUtils.js' in 'D:\helpdesk-system\frontend\src\utils'[39m[22m

[1m[31mERROR[39m[22m in [1m./node_modules/core-js-pure/internals/a-callable.js[39m[22m [1m[32m3:17-52[39m[22m
[1mModule [1m[31mnot found[39m[22m[1m: [1m[31mError[39m[22m[1m: Can't resolve '../internals/is-callable' in 'D:\helpdesk-system\frontend\node_modules\core-js-pure\internals'[39m[22m

[1m[31mERROR[39m[22m in [1m./node_modules/core-js-pure/internals/export.js[39m[22m [1m[32m6:17-52[39m[22m
[1mModule [1m[31mnot found[39m[22m[1m: [1m[31mError[39m[22m[1m: Can't resolve '../internals/is-callable' in 'D:\helpdesk-system\frontend\node_modules\core-js-pure\internals'[39m[22m

[1m[31mERROR[39m[22m in [1m./node_modules/core-js-pure/internals/export.js[39m[22m [1m[32m8:15-48[39m[22m
[1mModule [1m[31mnot found[39m[22m[1m: [1m[31mError[39m[22m[1m: Can't resolve '../internals/is-forced' in 'D:\helpdesk-system\frontend\node_modules\core-js-pure\internals'[39m[22m

[1m[31mERROR[39m[22m in [1m./node_modules/core-js-pure/internals/is-object.js[39m[22m [1m[32m3:17-52[39m[22m
[1mModule [1m[31mnot found[39m[22m[1m: [1m[31mError[39m[22m[1m: Can't resolve '../internals/is-callable' in 'D:\helpdesk-system\frontend\node_modules\core-js-pure\internals'[39m[22m

[1m[31mERROR[39m[22m in [1m./node_modules/core-js-pure/internals/a-callable.js[39m[22m [1m[32m3:17-52[39m[22m
[1mModule [1m[31mnot found[39m[22m[1m: [1m[31mError[39m[22m[1m: Can't resolve '../internals/is-callable' in 'D:\helpdesk-system\frontend\node_modules\core-js-pure\internals'[39m[22m

[1m[31mERROR[39m[22m in [1m./node_modules/core-js-pure/internals/get-built-in.js[39m[22m [1m[32m5:17-52[39m[22m
[1mModule [1m[31mnot found[39m[22m[1m: [1m[31mError[39m[22m[1m: Can't resolve '../internals/is-callable' in 'D:\helpdesk-system\frontend\node_modules\core-js-pure\internals'[39m[22m

[1m[31mERROR[39m[22m in [1m./node_modules/core-js-pure/internals/is-object.js[39m[22m [1m[32m3:17-52[39m[22m
[1mModule [1m[31mnot found[39m[22m[1m: [1m[31mError[39m[22m[1m: Can't resolve '../internals/is-callable' in 'D:\helpdesk-system\frontend\node_modules\core-js-pure\internals'[39m[22m

[1m[31mERROR[39m[22m in [1m./node_modules/core-js-pure/internals/is-symbol.js[39m[22m [1m[32m4:17-52[39m[22m
[1mModule [1m[31mnot found[39m[22m[1m: [1m[31mError[39m[22m[1m: Can't resolve '../internals/is-callable' in 'D:\helpdesk-system\frontend\node_modules\core-js-pure\internals'[39m[22m

[1m[31mERROR[39m[22m in [1m./node_modules/core-js-pure/internals/ordinary-to-primitive.js[39m[22m [1m[32m4:17-52[39m[22m
[1mModule [1m[31mnot found[39m[22m[1m: [1m[31mError[39m[22m[1m: Can't resolve '../internals/is-callable' in 'D:\helpdesk-system\frontend\node_modules\core-js-pure\internals'[39m[22m

[1m[31mERROR[39m[22m in [1m./src/App.js[39m[22m
[1mCannot read properties of undefined (reading 'module')[39m[22m

[1m[31mERROR[39m[22m in [1m./src/components/AdminLayout.js[39m[22m
[1mCannot read properties of undefined (reading 'module')[39m[22m

[1m[31mERROR[39m[22m in [1m./src/components/AdminSidebar.js[39m[22m
[1mCannot read properties of undefined (reading 'module')[39m[22m

[1m[31mERROR[39m[22m in [1m./src/components/Footer.js[39m[22m
[1mCannot read properties of undefined (reading 'module')[39m[22m

[1m[31mERROR[39m[22m in [1m./src/components/Navbar.js[39m[22m
[1mCannot read properties of undefined (reading 'module')[39m[22m

[1m[31mERROR[39m[22m in [1m./src/components/ProtectedRoute.js[39m[22m
[1mCannot read properties of undefined (reading 'module')[39m[22m

[1m[31mERROR[39m[22m in [1m./src/components/Sidebar.js[39m[22m
[1mCannot read properties of undefined (reading 'module')[39m[22m

[1m[31mERROR[39m[22m in [1m./src/components/TechnicianSidebar.js[39m[22m
[1mCannot read properties of undefined (reading 'module')[39m[22m

[1m[31mERROR[39m[22m in [1m./src/components/catalogue/ResourceFilters.js[39m[22m
[1mCannot read properties of undefined (reading 'module')[39m[22m

[1m[31mERROR[39m[22m in [1m./src/index.js[39m[22m
[1mCannot read properties of undefined (reading 'module')[39m[22m

[1m[31mERROR[39m[22m in [1m./src/pages/AccessDenied.js[39m[22m
[1mCannot read properties of undefined (reading 'module')[39m[22m

[1m[31mERROR[39m[22m in [1m./src/pages/AdminDashboard.js[39m[22m
[1mCannot read properties of undefined (reading 'module')[39m[22m

[1m[31mERROR[39m[22m in [1m./src/pages/AdminUserManagement.js[39m[22m
[1mCannot read properties of undefined (reading 'module')[39m[22m

[1m[31mERROR[39m[22m in [1m./src/pages/Home.js[39m[22m
[1mCannot read properties of undefined (reading 'module')[39m[22m

[1m[31mERROR[39m[22m in [1m./src/pages/Login.js[39m[22m
[1mCannot read properties of undefined (reading 'module')[39m[22m

[1m[31mERROR[39m[22m in [1m./src/pages/OAuth2RedirectHandler.js[39m[22m
[1mCannot read properties of undefined (reading 'module')[39m[22m

[1m[31mERROR[39m[22m in [1m./src/pages/Register.js[39m[22m
[1mCannot read properties of undefined (reading 'module')[39m[22m

[1m[31mERROR[39m[22m in [1m./src/pages/ResourceFormPage.jsx[39m[22m
[1mCannot read properties of undefined (reading 'module')[39m[22m

[1m[31mERROR[39m[22m in [1m./src/pages/ResourceListPage.jsx[39m[22m
[1mCannot read properties of undefined (reading 'module')[39m[22m

[1m[31mERROR[39m[22m in [1m./src/pages/UserDashboard.js[39m[22m
[1mCannot read properties of undefined (reading 'module')[39m[22m

[1m[31mERROR[39m[22m in [1m./src/pages/UserProfile.js[39m[22m
[1mCannot read properties of undefined (reading 'module')[39m[22m

[1m[31mERROR[39m[22m in [1m./src/pages/UserResourceCatalogue.js[39m[22m
[1mCannot read properties of undefined (reading 'module')[39m[22m

[1m[31mERROR[39m[22m in [1m./src/reportWebVitals.js[39m[22m
[1mCannot read properties of undefined (reading 'module')[39m[22m

[1m[31mERROR[39m[22m in [1m./src/services/api.js[39m[22m
[1mCannot read properties of undefined (reading 'module')[39m[22m

[1m[31mERROR[39m[22m in [1m./src/utils/api.js[39m[22m
[1mCannot read properties of undefined (reading 'module')[39m[22m

webpack compiled with [1m[31m59 errors[39m[22m
Compiling...
Compiled successfully!
webpack compiled [1m[32msuccessfully[39m[22m
Compiling...
Compiled successfully!
webpack compiled [1m[32msuccessfully[39m[22m
Compiling...
Compiled successfully!
webpack compiled [1m[32msuccessfully[39m[22m
Compiling...
Compiled successfully!
webpack compiled [1m[32msuccessfully[39m[22m
Compiling...
Compiled successfully!
webpack compiled [1m[32msuccessfully[39m[22m
Compiling...
Compiled successfully!
webpack compiled [1m[32msuccessfully[39m[22m
Compiling...
Compiled successfully!
webpack compiled [1m[32msuccessfully[39m[22m
Compiling...
Compiled successfully!
webpack compiled [1m[32msuccessfully[39m[22m
Compiling...
Compiled successfully!
webpack compiled [1m[32msuccessfully[39m[22m
Compiling...
Compiled successfully!
webpack compiled [1m[32msuccessfully[39m[22m
Compiling...
Compiled successfully!
webpack compiled [1m[32msuccessfully[39m[22m
Compiling...
Compiled successfully!
webpack compiled [1m[32msuccessfully[39m[22m
Compiling...
Compiled successfully!
webpack compiled [1m[32msuccessfully[39m[22m
Compiling...
Compiled successfully!
webpack compiled [1m[32msuccessfully[39m[22m
Compiling...
Compiled successfully!
webpack compiled [1m[32msuccessfully[39m[22m
Compiling...
Compiled successfully!
webpack compiled [1m[32msuccessfully[39m[22m
Compiling...
Compiled successfully!
webpack compiled [1m[32msuccessfully[39m[22m
Compiling...
Compiled successfully!
webpack compiled [1m[32msuccessfully[39m[22m
Compiling...
Compiled successfully!
webpack compiled [1m[32msuccessfully[39m[22m
Compiling...
Compiled successfully!
webpack compiled [1m[32msuccessfully[39m[22m
Compiling...
Compiled successfully!
webpack compiled [1m[32msuccessfully[39m[22m
Compiling...
Compiled successfully!
webpack compiled [1m[32msuccessfully[39m[22m
Compiling...
Compiled successfully!
webpack compiled [1m[32msuccessfully[39m[22m
Compiling...
Compiled successfully!
webpack compiled [1m[32msuccessfully[39m[22m
Compiling...
Compiled successfully!
webpack compiled [1m[32msuccessfully[39m[22m
Compiling...
Compiled successfully!
webpack compiled [1m[32msuccessfully[39m[22m
